Alternative_Plant,Scientific_Triage_Status,Scientific_Triage_Score,Overall_Score,Score_Breakdown,Indication_Relevance,Indication_Relevance_Score,Indication_Evidence_Mode,Indication_Supporting_Source_Count,Candidate_Specific_Empirical_Row_Count,Evidence_Quality_Score,Compound_Quality_Score,Mechanism_Support_Score,Safety_Regulatory_Score,Novelty_Market_Score,Reference_Plants,Reference_Plant_Count,Distinctive_Shared_Compounds,Distinctive_Compound_Count,Supportive_Common_Compounds,Supportive_Common_Compound_Count,All_Shared_Compounds,Supported_Targets_or_Mechanisms,Supported_Target_Count,Evidence_Levels,Evidence_Sources,Traceable_Source_Count,Dosage_Form_Compatibility,Safety_Flags,Interaction_Flags,Negative_Evidence,Best_Existing_R&D_Score,Raw_Association_Row_Count,Shortlist_Row_Count,Exploratory_Row_Count,Excluded_Row_Count,Why_Selected_or_Rejected,Row_Level_Reasons,Selected_Indication,Selected_Dosage_Form,Duplicate_Pruning_Note
Centella asiatica,Shortlist,77.5,84,"Indication Relevance ...... 35/35
Evidence Quality .......... 28/30
Compound Quality .......... 9.5/12
Mechanism Support ......... 1.5/8
Safety & Regulatory ....... 7/10
Novelty & Market .......... 3/5",High relevance,35,Direct human/clinical,36,1,28,9.5,1.5,7,3,Indication-centric discovery,1,Asiaticoside; Madecassoside; LIGNOCERIC-ACID; METHANOL; OXYASIATICOSIDE; BETA-ELEMENE,6,BETA-SITOSTEROL; STIGMASTEROL,2,Asiaticoside; Madecassoside; LIGNOCERIC-ACID; METHANOL; OXYASIATICOSIDE; BETA-SITOSTEROL; STIGMASTEROL; BETA-ELEMENE,"Collagen synthesis, Anti-inflammatory pathways, Antihepatotoxic, AntiHIV, Antidote, Antibacterial, Pesticide, Androgenic, Angiogenic, Anorexic, Antiadenomic, Antiandrogenic, Anticancer (Breast), Anticancer (Cervix), Anticancer (Lung), Antiedemic, Antiestrogenic, Antifeedant, Antifertility, Antigonadotrophic, Antihyperlipoproteinaemic, Antiinflammatory, Antileukemic, Antilymphomic, Antimutagenic, Antiophidic, Antioxidant, Antiprogestational, Antiprostaglandin, Antiprostatadenomic, Antiprostatitic, Antipyretic, Antitumor (Breast), Antitumor (Cervix), Antitumor (Lung), Antiviral, Apoptotic, Artemicide, Cancer-Preventive, Candidicide, Caspase-8-Inducer, Estrogenic, Febrifuge, Gonadotrophic, Hepatoprotective, Hypocholesterolemic, Hypoglycemic, Hypolipidemic, Spermicide, Ubiquiot, Ulcerogenic, Antinociceptive, Ovulant, Sedative, Antigliomic, Antiproliferant, Pheromone, Anthelmintic, Anticancer, Anticarcinomic, Antimalarial, Antimelanomic, Antiplasmodial, Antitumor, Cytotoxic, Phospholipase-A2-Inhibitor, Prostaglandin-Synthesis-Inhibitor, Collagenic, Amebicide, Antikeloid, Antilepric, Antituberculic, Antiulcer, Carcinogenic, Cicatrizant, Dermagenic, Hypercholesterolemic, Hyperglycemic, Mucogenic, Pilogenic, Protisticide, Vulnerary, ACE-Inhibitor, Aldose-Reductase-Inhibitor, Expectorant, Hypotensive, Immunostimulant, Abortifacient, Antirhinoviral, Perfumery, Stomachic, CNS-Depressant, Hypertensive, Hyperthermic, Motor-Depressant, Tranquilizer, Uterorelaxant, Hypothermic, Calcium-Antagonist, Fungicide, Insecticide, Allergenic, Anticancer (Pancreas), Anticarcinomic (Colon), Anticarcinomic (Lung), Antispasmodic, FLavor, Juvabional, Nematicide, Pheromonal, Trichomonicide, Anticariogenic, Antisalmonella, Antiseptic, Antitubercular, Antitumor (Pancreas), Ascaricide, CNS-Stimulant, Embryotoxic, Emetic, Herbicide, Insectifuge, Insectiphile, Mycobactericide, Antiacne, Antistreptococcic, Cytochrome-P450-Inducer, P450-Inducer, Testosterone-Inducer, 11B-HSD-Inhibitor, 5-Lipoxygenase-Inhibitor, Antiaflatoxin, Antiaggregant, Antiallergic, Antigingivitic, Antiherpetic, Antihistaminic, Antiimplantation, Antilymphocytic, Antiperiodontic, Antiplaque, Antiradicular, Antiserotonin, Antistaphylococcic, Antitumor-Promoter, Aromatase-Inhibitor, COX-2-Inhibitor, Choleretic, Copper-Chelator, Cyclooxygenase-Inhibitor, Diaphoretic?, Diuretic, HIV-RT-Inhibitor, ICAM-1-Inhibitor, Inotropic, Iodothyronine-Deiodinase-Inhibitor, JNK-Inhibitor, Lipoxygenase-Inhibitor, MAO-Inhibitor, Mutagenic, NO-Inhibitor, Natriuretic, Neuroprotective, PAF-Inhibitor, Quinone-Reductase-Inducer, TNF-alpha-Inhibitor, Teratologic, Topoisomerase-I-Inhibitor, Topoisomerase-II-Inhibitor, Tyrosinase-Inhibitor, Uterotrophic, Vasodilator, cAMP-Phosphodiesterase-Inhibitor, iNOS-Inhibitor, Analgesic, Anticonvulsant, Antinitrosaminic, Chemopreventive, Irritant, Myorelaxant, P450-2B1-Inhibitor, Antihelicobacter, Allelochemic, Antiflu, Antipneumonic, Coleoptophile, Spasmogenic, Transdermal, Allelopathic, Interleukin-6-Inhibitor, Mosquitofuge, Termiticide, Acaricide, Antiacetylcholinesterase, Antielastase, Capillarigenic, Diaphoretic, Antilithic?, Hypocholesterolemic?, Anesthetic, Antidiarrheic, Antidysenteric, Antiemetic, Antifibrositic, Antineuralgic, Antipruritic, Carminative, Convulsant, Cosmetic, Counterirritant, Decongestant, Deliriant, Ecbolic, Epileptigenic, Insect-Repellent, Occuloirritant, Respirainhibitor, Respirastimulant, Rubefacient, Stimulant, Verrucolytic, Vibriocide, Antialopecic, Anticirrhotic, Antidiabetic?, Antineuropathic?, Cholesterolytic, Lipotropic, Sweetener, AChE-Inhibitor, Antialzheimeran?, Antiasthmatic, Antiesophagitic, Antilithic, Antimetastatic (Stomach), Antiobesity, Antitumor (Colon), Antitumor (Prostate), Antitumor (Stomach), Bronchoprotectant, Candidistat, Detoxicant, Enterocontractant, Fungiphilic, Fungistat, GST-Inducer, Histaminic, Immunomodulator, Lipolytic, NO-Genic, Ornithine-Decarboxylase-Inhibitor, Ozone-Scavenger, Peristaltic, Photosensitizer, Antianaphylactic, Anticolic, Antiglutamaergic, Antimange, Antimite, Antishock, Barbituate-Synergist, Bronchorelaxant, Culicide, GABA-nergic, Hypnotic, Larvicide, Prooxidant, Termitifuge, Tumor-Promoter, Antihepatomic, Antitumor (Ovary), Antileukotriene-D4, ATPase-Inhibitor, Aldehyde-Oxidase-Inhibitor, AntiCrohn's, AntiGTF, AntiPMS, Antiaging, Antialzheimeran, Antiangiogenic, Antiarthritic, Antiatherosclerotic, Anticarcinomic (Breast), Anticataract, Anticolitic, Anticomplementary, Anticystitic, Antidepressant, Antidermatitic, Antidiabetic, Antiencephalitic, Antiescherichic, Antifibrosarcomic, Antigastric, Antigonadotropic, Antihydrophobic, Antihypertensive, Antileishmanic, Antileukotriene, Antilipoperoxidant, Antimetastatic, Antimyocarditic, Antipancreatitic, Antiperiodontal, Antiperistaltic, Antipermeability, Antiperoxidant, Antipharyngitic, Antipodriac, Antipolio, Antiprostanoid, Antipsoriac, Antithiamin, Antithrombic, Antitrypanosomic, Antitumor (Bladder), Antitumor (Skin), Bacteristat, Bradycardiac, COMT-Inhibitor, Calmodulin-Antagonist, Capillariprotective, Catabolic, Cytochrome-P450-1A2-Inhibitor, Deiodinase-Inhibitor, Differentiator, Glucosyl-Transferase-Inhibitor, Hemostat, Hepatomagenic, Insulinogenic, Larvistat, MAO-A-Inhibitor, MMP-9-Inhibitor, Mast-Cell-Stabilizer, Metal-Chelator (Copper), Metalloproteinase-Inhibitor, NADH-Oxidase-Inhibitor, NEP-Inhibitor, NF-kB-Inhibitor, NO-Synthase-Inhibitor, P450-Inhibitor, PGE2-Inhibitor, PTK-Inhibitor, Phospholipase-Inhibitor, Plasmodicide, Proliferant, Protein-Kinase-C-Inhibitor, Tumorigenic, Tyrosine-Kinase-Inhibitor, VEGF-Inhibitor, Xanthine-Oxidase-Inhibitor, Antilipolytic, Antinephritic, Antirenitic, Chelator, Immunosuppressant, Psychotropic",1,Clinical / human evidence,https://doi.org/10.22146/mot.101548; https://doi.org/10.3390/ijerph19063266; https://dailymed.nlm.nih.gov/dailymed/drugInfo.cfm?setid=2fc1a565-6b85-5a13-e063-6394a90ac175; https://doi.org/10.1186/1472-6882-12-103; https://pubmed.ncbi.nlm.nih.gov/41866921/; https://clinicaltrials.gov/study/NCT05017467; https://doi.org/10.58837/chula.the.2009.2350; https://doi.org/10.5114/pdia.2013.33378 (+28 more),36,Unknown,No explicit flag found,No explicit flag found,,63,1,1,0,0,Selected because: high relevance; strong evidence base; 6 differentiating shared compound(s),Passed scientific triage gates,Metabolic & blood sugar support,Infusion,
Cinnamomum verum,Shortlist,77.5,84,"Indication Relevance ...... 35/35
Evidence Quality .......... 28/30
Compound Quality .......... 9.5/12
Mechanism Support ......... 1.5/8
Safety & Regulatory ....... 7/10
Novelty & Market .......... 3/5",High relevance,35,Direct human/clinical,20,1,28,9.5,1.5,7,3,Indication-centric discovery,1,"Withanolides; Cinnamaldehyde; BENZALDEHYDE; BORNYL-ACETATE; DELTA-3-CARENE; CARYOPHYLLENE-OXIDE; 1,8-CINEOLE",7,,0,"Withanolides; Cinnamaldehyde; BENZALDEHYDE; BORNYL-ACETATE; DELTA-3-CARENE; CARYOPHYLLENE-OXIDE; 1,8-CINEOLE","HPA axis, GABAergic system, NF-kB, Insulin signaling, Anti-inflammatory pathways, Allergenic, Anesthetic, Antibacterial, Anticancer, Antimutagenic, Antipeptic, Antiseptic, Antispasmodic, Antitumor, Candidicide, FLavor, Immunostimulant, Insecticide, Insectifuge, Motor-Depressant, Narcotic, Nematicide, Pesticide, Sedative, Termiticide, Tyrosinase-Inhibitor, (-)-Chronotropic, (-)-Inotropic, Antifeedant, Antiviral, Expectorant, Myorelaxant, Allergenic?, Antiinflammatory, Dermatitigenic, Irritant, Antiedemic, Calcium-Antagonist, Fungicide, Acaricide, Allelopathic, Anthelmintic, Antiacetylcholinesterase, Antiallergic, Antibronchitic, Anticariogenic, Anticatarrh, Anticholinesterase, Antifatigue, Antihalitosic, Antilaryngitic, Antinociceptive, Antipharyngitic, Antiplaque, Antirheumatic, Antirhinitic, Antisinusitic, Antistaphylococcic, Antitussive, Antiulcer, CNS-Stimulant, Carcinogenic, Choleretic, Convulsant, Counterirritant, Cytochrome-P450-Inducer, Decongestant, Degranulant, Dentifrice, Edemagenic, Gastroprotective, Gram(+)icide, Gram(-)icide, Hepatotonic, Herbicide, Hypotensive, Inflammatory, Neurotoxic, P450-Inducer, Pediculicide, Perfume, Rubefacient, Secretogogue, Spasmogenic, Surfactant, Testosterone-Hydroxylase-Inducer, Transdermal, Trichomonicide, Adrenergic, Allelochemic, Antiaggregant, Antienterococcic, Antiescherichic, Antiherpetic, Antiklebsiellic, Antileukemic, Antipneumonic, Antipseudomonic, Antipyretic, Antisalmonella, Antiurease, CNS-Depressant, COX-2-Inhibitor, Cancer-Preventive, Chronotropic, Circulatory-Stimulant, Cyclooxygenase-Inhibitor, Cytotoxic, Histaminic, Hypoglycemic, Hypothermic, Inotropic, Lipoxygenase-Inhibitor, Monoaminergic, Mutagenic, Perfumery, Sprout-Inhibitor, Teratogenic, Tranquilizer, Vasodilator, Vibriocide, Larvicide, Ulcerogenic, Analgesic, AntiTNF, Antiarachidonate, Anticonvulsant, Antiestrogenic, Antigenotoxic, Antikeratotic, Antimitotic, Antinitrosating, Antioxidant, Antiprostaglandin, Antiradicular, Antithromboxane, Apifuge, COX-1-Inhibitor, Carcinogenic?, Carminative, Cytochrome-P450-Inhibitor, Enterorelaxant, Hepatoprotective, Juvabional, Prostaglandin-Synthesis-Inhibitor, Trichomonistat, Trypsin-Enhancer, Varroacide, Vermifuge, Antialzheimeran?, Secretolytic, Bacteristat, Candidistat, Fungistat, Motor-Stimulant, AntiReye's, Antiglaucomic, Antinephritic, Diuretic, Emetic, Flatugenic, Laxative, Nephrotoxic, Sweetener, DNA-Binder, Hepatocarcinogenic, Antidote (Strychnine), Demulcent, Hypocholesterolemic, ACE-Inhibitor, Aldose-Reductase-Inhibitor, Antinitrosaminic, Chemopreventive, P450-2B1-Inhibitor, Antihelicobacter, Antimalarial, Antiplasmodial, Antiacne, Antiasthmatic, Bacteriostatic, Renoirritant, Spermicide, Vulnerary, Antianemic, Antidrepanocytic, Antilactobacillic, Antilisteria, Antipolio, Antisickling, Antitumor-Promoter, Antiyeast, Immunosuppressant, Insectifuge?, Estrogenic, Antiodontalgic, Antipruritic, Lithogenic, Antiadenomic, Anticancer (Pancreas), Anticarcinomic (Colon), Anticarcinomic (Lung), Antimelanomic, Apoptotic, Pheromonal, Antitubercular, Antitumor (Pancreas), Ascaricide, Embryotoxic, Insectiphile, Mycobactericide, Antiflu, Coleoptophile, Deodorant, Antidysmenorrheic, Artemicide, Scabicide, Antiproliferant, Cicatrizant, Interleukin-6-Inhibitor, Mosquitofuge, COX-2, Nrf2, IL-6, TNF-alpha, Androgenic, Angiogenic, Anorexic, Antiandrogenic, Anticancer (Breast), Anticancer (Cervix), Anticancer (Lung), Antifertility, Antigonadotrophic, Antihyperlipoproteinaemic, Antilymphomic, Antiophidic, Antiprogestational, Antiprostatadenomic, Antiprostatitic, Antitumor (Breast), Antitumor (Cervix), Antitumor (Lung), Caspase-8-Inducer, Febrifuge, Gonadotrophic, Hypolipidemic, Ubiquiot, Tyrosine-Kinase-Inhibitor, Antiprostatotic, AntiCVI, Antialopecic, Antiatherosclerotic, Antidiabetic, Antihistaminic, Antiischemic, Antiperiodontal, Antiretinopathic, Antistroke, Beta-Glucuronidase-Inhibitor, Capillariprotective, Cardioprotective, Collagenase-Inhibitor, Collagenic, Elastase-Inhibitor, Hyaluronidase-Inhibitor, Ornithine-Decarboxylase-Inhibitor, Propecic, Vasorelaxant, Antiuricosuric, Hyperglycemic, Uricosuric, Antihepatotoxic, Ovulant, Antistreptococcic, Mutagenic?, Antibacillary, Antirheumatalgic, Antigliomic, Dermal, Controlled, Cytochrome-P488-Inducer, Hepatoregenerative, Hepatotoxic, Psychoactive, Tremorigenic, Antiacetylcholine, Antiotitic, CNS-Toxic, Inhalant, Insect-Repellent, Antilithic?, Hypocholesterolemic?, Antidiarrheic, Antidysenteric, Antiemetic, Antifibrositic, Antineuralgic, Cosmetic, Deliriant, Ecbolic, Epileptigenic, Occuloirritant, Respirainhibitor, Respirastimulant, Stimulant, Verrucolytic, Antidermatitic, Antileishmanic, Antionychyotic, Mosquitocide, Termitifuge, AChE-Inhibitor, Antiesophagitic, Antilithic, Antimetastatic (Stomach), Antiobesity, Antitumor (Colon), Antitumor (Prostate), Antitumor (Stomach), Bronchoprotectant, Cholesterolytic, Detoxicant, Enterocontractant, Fungiphilic, GST-Inducer, Immunomodulator, Lipolytic, NO-Genic, Ozone-Scavenger, Peristaltic, Photosensitizer, Antianaphylactic, Anticolic, Antiglutamaergic, Antimange, Antimite, Antishock, Barbituate-Synergist, Bronchorelaxant, Culicide, GABA-nergic, Hypnotic, Prooxidant, Tumor-Promoter, Antibrucellosic, Anticancer (Kidney), Anticancer (Prostate), Antidiuretic, Antiesherichic, Antilymphedemic, Antimetastatic, Antimononuccleotic, Antimycoplasmotic, Antipsittacotic, Antipsoriac, Antitoxoplasmotic, Antitumor (GI), Antitumor (Kidney), Bruchiphobe, Cardiodepressant, Cardiotonic, DME-Inhibitor, Hemorrhagic, Larvistat, Lymphocytogenic, Lymphokinetic, Ovicide, Phagocytotic, Piscicide, Respirodepressant, Rodenticide, AntiEBV, Antiaflatoxin, Antitumor (Skin), Glutathionigenic, Spasmolytic, Cholagogue, Tumorigenic, AntiHIV, AntiLegionella, Antiadenoviral, Antiaging, Antiatherogenic, Anticarcinogenic, Antidepressant, Antielastase, Antigonadotropic, Antihemolytic, Antihepatoadenomic, Antihypercholesterolemic, Antihyperthyroid, Antileukotriene, Antimelanogenic, Antiperoxidant, Antistomatitic, Antisunburn, Antithiamin, Antithyroid, Antiulcerogenic, Antivaccinia, Anxiolytic, CNS-Active, Clastogenic, Co-carcinogenic, Collagen-Sparing, Cytoprotective, DNA-Active, DNA-Protective, Hepatotropic, Histamine-Inhibitor, Leukotriene-Inhibitor, Lyase-Inhibitor, Metal-Chelator, Prostaglandigenic, Sunscreen, Xanthine-Oxidase-Inhibitor, CNS-Paralytic, Fatal, Hemostatic, Renotoxic, Anticlastogen, Diaphoretic?, AntiMS, Antihemorrhoidal, Antihydrocoele, Antiincontinence, Antionychogryphotic, Antipyruvetic, Antispastic, Antiwrinkle, Hemolytic, 5-Lipoxygenase-Inhibitor, Antihepatitic, Antihyperglycemic, Antilipoperoxidant, Beta-Adrenergic Receptor Blocker, COMP-Inhibitor, Choline-Sparing, Insulinogenic, Lipoxygenase-1-Inhibitor, Pancreatogenic, Reverse-Transcriptase-Inhibitor, Hypercholesterolemic, Antibiotic, Antierythemic, Antiexudative, Antigastritic, Capillaritonic",1,Clinical / human evidence,https://doi.org/10.31003/uspnf_m9096_02_01; https://doi.org/10.31003/uspnf_m9096_02_02; https://doi.org/10.1155/2013/378657; https://doi.org/10.29303/jppipa.v9i5.3284; http://purl.obolibrary.org/obo/CHEBI_753837; http://purl.obolibrary.org/obo/CHEBI_753838; https://dailymed.nlm.nih.gov/dailymed/drugInfo.cfm?setid=995bb426-9140-4ba8-b26f-4c8cf2efbae3; https://www.ebi.ac.uk/chembl/compound_report_card/CHEMBL2108924/ (+12 more),20,Unknown,No explicit flag found,No explicit flag found,,63,1,1,0,0,Selected because: high relevance; strong evidence base; 7 differentiating shared compound(s),Passed scientific triage gates,Metabolic & blood sugar support,Infusion,
Calendula officinalis,Shortlist,73.5,83.5,"Indication Relevance ...... 35/35
Evidence Quality .......... 27.5/30
Compound Quality .......... 9.5/12
Mechanism Support ......... 1.5/8
Safety & Regulatory ....... 7/10
Novelty & Market .......... 3/5",High relevance,35,Direct human/clinical,3,1,27.5,9.5,1.5,7,3,Indication-centric discovery,1,BETA-AMYRIN; CHLOROGENIC-ACID; P-COUMARIC-ACID; GENTISIC-ACID; P-HYDROXY-BENZOIC-ACID; ISORHAMNETIN-3-RUTINOSIDE; LAURIC-ACID,7,KAEMPFEROL,1,BETA-AMYRIN; CHLOROGENIC-ACID; P-COUMARIC-ACID; GENTISIC-ACID; P-HYDROXY-BENZOIC-ACID; ISORHAMNETIN-3-RUTINOSIDE; KAEMPFEROL; LAURIC-ACID,"Analgesic, Antiedemic, Antiinflammatory, Antinociceptive, Antiulcer, Gastroprotective, Hepatoprotective, Larvicide, Mosquitocide, Aldose-Reductase-Inhibitor, Allelochemic, Allergenic, AntiEBV, AntiHIV, AntiLegionella, Antiatherosclerotic, Antibacterial, Anticancer (Colon), Anticancer (Forestomach), Anticancer (Liver), Anticancer (Skin), Anticarcinogenic, Antidiabetic, Antifeedant, Antigenotoxic, Antigonadotropic, Antihemolytic, Antihepatotoxic, Antiherpetic, Antihistaminic, Antihypercholesterolemic, Antihyperthyroid, Antileukotriene, Antimelanogenic, Antimutagenic, Antinitrosaminic, Antioxidant, Antiperoxidant, Antipolio, Antiradicular, Antiseptic, Antisunburn, Antithyroid, Antitumor, Antitumor (Colon), Antitumor (Forestomach), Antitumor (Liver), Antitumor (Skin), Antitumor-Promoter, Antiviral, Autotoxic, CNS-Active, CNS-Stimulant, Cancer-Preventive, Cardioprotective, Chemopreventive, Cholagogue, Choleretic, Clastogenic, Collagen-Sparing, Diuretic, Fungicide, Histamine-Inhibitor, Hypoglycemic, Immunostimulant, Insectifuge, Interferonogenic, Juvabional, Larvistat, Leukotriene-Inhibitor, Lipoxygenase-Inhibitor, Metal-Chelator, NO-Genic, Ornithine-Decarboxylase-Inhibitor, Oviposition-Stimulant, Pesticide, Sunscreen, Sweetener, Vulnerary, Allelopathic, Anticlastogen, Antifertility, Antileukemic, Antispasmodic, Cytotoxic, Diaphoretic?, Prostaglandigenic, Prostaglandin-Synthesis-Inhibitor, Tyrosinase-Inhibitor, Antirheumatic, Antisickling, Fungistat, Immunosuppressant, Phytoalexin, Secretogogue, Ubiquiot, 11B-HSD-Inhibitor, 5-Lipoxygenase-Inhibitor, Antiaflatoxin, Antiaggregant, Antiallergic, Anticancer, Antigingivitic, Antiimplantation, Antilymphocytic, Antiperiodontic, Antiplaque, Antiserotonin, Antistaphylococcic, Apoptotic, Aromatase-Inhibitor, COX-2-Inhibitor, Carcinogenic, Copper-Chelator, Cyclooxygenase-Inhibitor, Estrogenic, HIV-RT-Inhibitor, Hypotensive, ICAM-1-Inhibitor, Inotropic, Iodothyronine-Deiodinase-Inhibitor, JNK-Inhibitor, MAO-Inhibitor, Mutagenic, NO-Inhibitor, Natriuretic, Neuroprotective, PAF-Inhibitor, Protisticide, Quinone-Reductase-Inducer, TNF-alpha-Inhibitor, Teratologic, Topoisomerase-I-Inhibitor, Topoisomerase-II-Inhibitor, Uterotrophic, Vasodilator, cAMP-Phosphodiesterase-Inhibitor, iNOS-Inhibitor, COX-1-Inhibitor, Candidicide, Hypercholesterolemic, Anticancer (Breast), Antimaculitic, Antinyctalopic, Antiproliferant, Antiretinitic Optometry, Antitumor (Breast), Colorant, Prooxidant, Retinoprotectant Optometry, Antifibromyalgic, Antioxidant Synergist, Antiseborrheic, Antitubercular, Bacteristat, Bruchiphobe, Hemopoietic, Laxative?, Mycobactericide, Sialogogue, Demulcent, Hypocholesterolemic, Abortifacient, AntiPGE2, AntiTGF-beta, Antiarrhythmic, Anticarcinomic, Anticariogenic, Anticomplement, Antihyperlipidemic, Antiischemic, Antimalarial, Antinephritic, Antiplasmodial, Antisarcomic, Antitumor (Kidney), Antitumor (Lung), Antitumor (Pancreas), Beta-Blocker, Beta-Glucuronidase-Inhibitor, Cardiotonic, Elastase-Inhibitor, Hypolipemic, Immunomodulator, Leucocytogenic, NF-kB-Inhibitor, Phagocytotic, Piscicide, Sedative, Uterotonic, Vasopressor, ATPase-Inhibitor, Aldehyde-Oxidase-Inhibitor, AntiCrohn's, AntiGTF, AntiPMS, Antiaging, Antialzheimeran, Antianaphylactic, Antiangiogenic, Antiarthritic, Antiasthmatic, Anticarcinomic (Breast), Anticataract, Anticolitic, Anticomplementary, Anticystitic, Antidepressant, Antidermatitic, Antielastase, Antiencephalitic, Antiescherichic, Antiestrogenic, Antifibrosarcomic, Antiflu, Antigastric, Antihydrophobic, Antihypertensive, Antileishmanic, Antilipoperoxidant, Antimelanomic, Antimetastatic, Antimyocarditic, Antipancreatitic, Antiperiodontal, Antiperistaltic, Antipermeability, Antipharyngitic, Antipodriac, Antiprostanoid, Antiprostatitic, Antipsoriac, Antistreptococcic, Antithiamin, Antithrombic, Antitrypanosomic, Antitumor (Bladder), Antitumor (Ovary), Bradycardiac, COMT-Inhibitor, Calmodulin-Antagonist, Capillariprotective, Catabolic, Cytochrome-P450-1A2-Inhibitor, Deiodinase-Inhibitor, Differentiator, Glucosyl-Transferase-Inhibitor, Hemostat, Hepatomagenic, Insulinogenic, MAO-A-Inhibitor, MMP-9-Inhibitor, Mast-Cell-Stabilizer, Metal-Chelator (Copper), Metalloproteinase-Inhibitor, NADH-Oxidase-Inhibitor, NEP-Inhibitor, NO-Synthase-Inhibitor, P450-Inducer, P450-Inhibitor, PGE2-Inhibitor, PTK-Inhibitor, Phospholipase-Inhibitor, Plasmodicide, Proliferant, Protein-Kinase-C-Inhibitor, Tumorigenic, Tyrosine-Kinase-Inhibitor, VEGF-Inhibitor, Xanthine-Oxidase-Inhibitor, 5-HT-Inhibitor, AntiCVI, Antiapoplectic, Antiatherogenic, Anticapillary-Fragility, Anticonvulsant, Antidementia, Antierythemic, Antiglaucomic, Antihematuric, Antihemorrhoidal, Antiplatelet, Antiprotozoal, Antipurpuric, Antithrombogenic, Antivaricose, Cytoprotective, Estrogenic?, Insecticide, Insectiphile, Myoprotective, Myorelaxant, Radioprotective, Androgenic, Angiogenic, Anorexic, Antiadenomic, Antiandrogenic, Anticancer (Cervix), Anticancer (Lung), Antigonadotrophic, Antihyperlipoproteinaemic, Antilymphomic, Antiophidic, Antiprogestational, Antiprostaglandin, Antiprostatadenomic, Antipyretic, Antitumor (Cervix), Artemicide, Caspase-8-Inducer, Febrifuge, Gonadotrophic, Hypolipidemic, Spermicide, Ulcerogenic, Ovulant, Anthelmintic, Antidiarrheic, Antidysenteric, Antilipolytic, Antirenitic, Chelator, Psychotropic, Antifatigue, Ascaricide, Laxative, AntiCRP, PKC-Inhibitor, Antiadenoviral, Antihepatoadenomic, Antistomatitic, Antiulcerogenic, Antivaccinia, Anxiolytic, Calcium-Antagonist, Co-carcinogenic, DNA-Active, DNA-Protective, Hepatocarcinogenic, Hepatotropic, Lyase-Inhibitor, Alcohol-Dehydrogenase-Inhibitor, Anticolitic?, Antiobesity?, Antiosteoporotic?, Bifidogenic, Chemopreventive (Breast Cancer), Chemopreventive (Colon Cancer), Expectorant, Gastrostimulant, Lipolytic, Prebiotic, Probiotic, Probiotigenic, Antihyperglycemic, Antilithic, Antioxalate, Antiurethrotic, FPTase-Inhibitor, TOPO-2-Inhibitor, Anticancer (Bladder), Anticancer (Prostate), Antitumor (Prostate), Antidandruff, Antidermatotic, Antieczemic, Antiichthyosic, Antineuralgic, Antioncychomycotic, Antiperiodic, Antipodagric, Antitympanitic, Comedolytic, Dermatitigenic, Keratolytic, Thermogenic, Tineacide, Antianginal, Antiperiodontitic, Antiacne, Antionychyotic, FLavor, Irritant, Perfumery, Termitifuge",1,Clinical / human evidence,https://pubmed.ncbi.nlm.nih.gov/31145533/; https://pubmed.ncbi.nlm.nih.gov/39771213/; https://pubmed.ncbi.nlm.nih.gov/33084806/,3,Unknown,No explicit flag found,No explicit flag found,,54,1,1,0,0,Selected because: high relevance; strong evidence base; 7 differentiating shared compound(s),Passed scientific triage gates,Metabolic & blood sugar support,Infusion,
Melissa officinalis,Shortlist,73.5,81,"Indication Relevance ...... 35/35
Evidence Quality .......... 25/30
Compound Quality .......... 9.5/12
Mechanism Support ......... 1.5/8
Safety & Regulatory ....... 7/10
Novelty & Market .......... 3/5",High relevance,35,Direct human/clinical,73,1,25,9.5,1.5,7,3,Indication-centric discovery,1,Citral; DELTA-CADINENE; CATECHINS; CHLOROGENIC-ACID; CITRONELLAL; COPAENE; GERANIOL,7,Rosmarinic acid,1,Rosmarinic acid; Citral; DELTA-CADINENE; CATECHINS; CHLOROGENIC-ACID; CITRONELLAL; COPAENE; GERANIOL,"GABAergic system, COX-2, NF-kB, Nrf2, TRP channels, Aldose-Reductase-Inhibitor, Antiacne, Antibacterial, Anticariogenic, Antistreptococcic, Cytochrome-P450-Inducer, P450-Inducer, Pesticide, Testosterone-Inducer, Tyrosine-Kinase-Inhibitor, Allelochemic, Allergenic, Analgesic, AntiEBV, AntiHIV, AntiLegionella, Antiatherosclerotic, Anticancer (Colon), Anticancer (Forestomach), Anticancer (Liver), Anticancer (Skin), Anticarcinogenic, Antidiabetic, Antifeedant, Antigenotoxic, Antigonadotropic, Antihemolytic, Antihepatotoxic, Antiherpetic, Antihistaminic, Antihypercholesterolemic, Antihyperthyroid, Antiinflammatory, Antileukotriene, Antimelanogenic, Antimutagenic, Antinitrosaminic, Antioxidant, Antiperoxidant, Antipolio, Antiradicular, Antiseptic, Antisunburn, Antithyroid, Antitumor, Antitumor (Colon), Antitumor (Forestomach), Antitumor (Liver), Antitumor (Skin), Antitumor-Promoter, Antiulcer, Antiviral, Autotoxic, CNS-Active, CNS-Stimulant, Cancer-Preventive, Cardioprotective, Chemopreventive, Cholagogue, Choleretic, Clastogenic, Collagen-Sparing, Diuretic, Fungicide, Hepatoprotective, Histamine-Inhibitor, Hypoglycemic, Immunostimulant, Insectifuge, Interferonogenic, Juvabional, Larvistat, Leukotriene-Inhibitor, Lipoxygenase-Inhibitor, Metal-Chelator, NO-Genic, Ornithine-Decarboxylase-Inhibitor, Oviposition-Stimulant, Sunscreen, Sweetener, Vulnerary, Acaricide, Antistaphylococcic, Candidicide, Embryotoxic, FLavor, Irritant, Motor-Depressant, Mutagenic?, Nematicide, P450-2B1-Inhibitor, Perfumery, Sedative, Teratogenic, Carminative, Anthelmintic, Anticancer (Pancreas), Antimelanomic, Antisalmonella, Antispasmodic, Antitubercular, Antitumor (Pancreas), Ascaricide, Emetic, Expectorant, Herbicide, Insectiphile, Mycobactericide, Trichomonicide, Antidermatic, Termiticide, Alpha-Glucosidase-Inhibitor, Antiarrhythmic, Antiasthmatic, Anticlastogen, Antiischemic, Antileukemic, Antiophidic, Antitumor (Mouth), Antitussive, Apoptotic, Carcinogenic, Glutathione-Depleting, Hepatotoxic, Nephrotoxic, Phagocytotic, Prostaglandigenic, Secretogogue, Tyrosinase-Inhibitor, Ubiquiot, ABeta-Inhibitor, Adenylate-Cyclase-Inhibitor, Antiaggregant, Antiallergic, Antialzheimeran, Antianaphylactic, Anticoagulant, Anticomplementary, Antidepressant, Antiedemic, Antiintegrase, Antilipoperoxidant, Antinephritic, Antioxidant (LDL), Antiplaque, Antiproliferant, Antiprostaglandin, Antiproteolytic, Antipulmonotic, Antishock, Antithyreotropic, Antiuremic, Anxiolytic, COX-1-Inhibitor, COX-2-Inhibitor, Calcium-Antagonist, Cytotoxic, Deiodinase-Inhibitor, Immunomodulator, Neuroprotective, Radioprotective, Ancylostomicide, Anesthetic, Ankylostomacide, Antialzheimeran?, Antiarthritic, Antibronchitic, Anticholinesterase, Antihalitosic, Antilepric, Antineuritic, Antiperiodontic, Antirheumatic, Antitrichinosic, Ataxigenic, Counterirritant, Culicide, Cyclooxygenase-Inhibitor, Dentifrice, Deodorant, Dermatitigenic, Enterorelaxant, Enterotoxic, Gastroirritant, Gram(+)icide, Gram(-)icide, Insecticide, Larvicide, Molluscicide, Myorelaxant, Sprout-Inhibitor, Tracheorelaxant, Urinary-Antiseptic, Varroacide, Vermicide, AntiTGF-beta, Anticancer, Anticarcinomic, Anticholestatic, Anticomplement, Antiescherichic, Antifibrosarcomic, Antihyperlipidemic, Antileishmanic, Antilymphomic, Antimalarial, Antimetastatic, Antiobesity?, Antiplasmodial, Antiproliferative, Antithromboxane, Antitrypanosomic, Antitumor (Breast), Antitumor (Cervix), Antitumor (Lung), Antitumor (Ovary), Antitumor (Stomach), Antitumor (brain), Aromatase-Inhibitor, Beta-Blocker, Beta-Glucuronidase-Inhibitor, CNS-Depressant, Cardiotonic, Elastase-Inhibitor, Hypotensive, Leucocytogenic, MMP-9-Inhibitor, Piscicide, Potassium-Sparing, Protease-Inhibitor, Protisticide, Quinone-Reductase-Inducer, Sodium-Sparing, TOPO-2-Inhibitor, Trypanocide, Vasopressor, Pheromone, Antihelicobacter, Estrogenic, Abortifacient, AntiPGE2, Antifertility, Antigingivitic, Antisarcomic, Antitumor (Kidney), Hypolipemic, NF-kB-Inhibitor, Prostaglandin-Synthesis-Inhibitor, Uterotonic, Additive, Bruchiphobe, Dye, Antimite, Antipeptic, Narcotic, Anticancer (Cervix), Antigliomic, Androgenic, Angiogenic, Anorexic, Antiadenomic, Antiandrogenic, Anticancer (Breast), Anticancer (Lung), Antiestrogenic, Antigonadotrophic, Antihyperlipoproteinaemic, Antiprogestational, Antiprostatadenomic, Antiprostatitic, Antipyretic, Artemicide, Caspase-8-Inducer, Febrifuge, Gonadotrophic, Hypocholesterolemic, Hypolipidemic, Spermicide, Ulcerogenic, Antiaflatoxin, Antiyeast, Glutathionigenic, Spasmolytic, Antiacetylcholinesterase, ACE-Inhibitor, Anticonvulsant, Antinociceptive, Hypothermic, Antiadenoviral, Antiaging, Antiatherogenic, Antielastase, Antiflu, Antihepatoadenomic, Antistomatitic, Antithiamin, Antiulcerogenic, Antivaccinia, Co-carcinogenic, Cytoprotective, DNA-Active, DNA-Protective, Hepatocarcinogenic, Hepatotropic, Lyase-Inhibitor, Prooxidant, Tumorigenic, Xanthine-Oxidase-Inhibitor, Cytostatic, AntiTNF, Antiarachidonate, Antikeratotic, Antimitotic, Antinitrosating, Apifuge, Carcinogenic?, Cytochrome-P450-Inhibitor, Neurotoxic, Trichomonistat, Trypsin-Enhancer, Vasodilator, Vermifuge, Allelopathic, Diaphoretic?, Capillarigenic, Diaphoretic, TNF-alpha-Inhibitor, Topoisomerase-II-Inhibitor, Antidote (Strychnine), Fungistat, Cicatrizant, Interleukin-6-Inhibitor, Mosquitofuge, Transdermal, AChE-Inhibitor, Antiesophagitic, Antilithic, Antimetastatic (Stomach), Antiobesity, Antitumor (Prostate), Bronchoprotectant, Candidistat, Cholesterolytic, Detoxicant, Enterocontractant, Fungiphilic, GST-Inducer, Histaminic, Lipolytic, Ozone-Scavenger, Peristaltic, Photosensitizer, Anticolic, Antiglutamaergic, Antimange, Barbituate-Synergist, Bronchorelaxant, GABA-nergic, Hypnotic, Termitifuge, Tumor-Promoter, Antiallergenic, Caspase-3-Inducer, Glaucomagenic, NO-Inhibitor, Prostatitigenic",1,Clinical / human evidence,https://clinicaltrials.gov/study/NCT07525843; https://clinicaltrials.gov/study/NCT02854800; https://clinicaltrials.gov/study/NCT06957743; https://www.semanticscholar.org/paper/bb27a1ecf4f6a3d4819c06f53687c51fd334572a; https://dailymed.nlm.nih.gov/dailymed/drugInfo.cfm?setid=62c57cc4-28c9-406f-821d-1d48370968f2; https://dailymed.nlm.nih.gov/dailymed/drugInfo.cfm?setid=ba0cd3c2-9883-9664-e053-2995a90a9fd4; https://dailymed.nlm.nih.gov/dailymed/drugInfo.cfm?setid=3cd77075-0825-d283-e063-6294a90ae7b5; https://dailymed.nlm.nih.gov/dailymed/drugInfo.cfm?setid=2fc37d28-280e-b5a8-e063-6294a90a2285 (+65 more),73,Unknown,No explicit flag found,No explicit flag found,,78,1,1,0,0,Selected because: high relevance; strong evidence base; 7 differentiating shared compound(s),Passed scientific triage gates,Metabolic & blood sugar support,Infusion,
Withania somnifera,Shortlist,73.5,81,"Indication Relevance ...... 35/35
Evidence Quality .......... 25/30
Compound Quality .......... 9.5/12
Mechanism Support ......... 1.5/8
Safety & Regulatory ....... 7/10
Novelty & Market .......... 3/5",High relevance,35,Direct human/clinical,65,1,25,9.5,1.5,7,3,Indication-centric discovery,1,Withanolides; Withanolide D; 17alpha-hydroxywithanolide D; Apigenin; CHLOROGENIC-ACID; ISOPELLETIERINE; NICOTINE,7,,0,Withanolides; Withanolide D; 17alpha-hydroxywithanolide D; Apigenin; CHLOROGENIC-ACID; ISOPELLETIERINE; NICOTINE,"HPA axis, GABAergic system, NF-kB, benzodiazepine receptor, GABA-A receptor, COX-2, Aldose-Reductase-Inhibitor, Allelochemic, Allergenic, Analgesic, AntiEBV, AntiHIV, AntiLegionella, Antiatherosclerotic, Antibacterial, Anticancer (Colon), Anticancer (Forestomach), Anticancer (Liver), Anticancer (Skin), Anticarcinogenic, Antidiabetic, Antifeedant, Antigenotoxic, Antigonadotropic, Antihemolytic, Antihepatotoxic, Antiherpetic, Antihistaminic, Antihypercholesterolemic, Antihyperthyroid, Antiinflammatory, Antileukotriene, Antimelanogenic, Antimutagenic, Antinitrosaminic, Antioxidant, Antiperoxidant, Antipolio, Antiradicular, Antiseptic, Antisunburn, Antithyroid, Antitumor, Antitumor (Colon), Antitumor (Forestomach), Antitumor (Liver), Antitumor (Skin), Antitumor-Promoter, Antiulcer, Antiviral, Autotoxic, CNS-Active, CNS-Stimulant, Cancer-Preventive, Cardioprotective, Chemopreventive, Cholagogue, Choleretic, Clastogenic, Collagen-Sparing, Diuretic, Fungicide, Hepatoprotective, Histamine-Inhibitor, Hypoglycemic, Immunostimulant, Insectifuge, Interferonogenic, Juvabional, Larvistat, Leukotriene-Inhibitor, Lipoxygenase-Inhibitor, Metal-Chelator, NO-Genic, Ornithine-Decarboxylase-Inhibitor, Oviposition-Stimulant, Pesticide, Sunscreen, Sweetener, Vulnerary, Amblyopic, Emetic, Laxative, Mydriatic, Paralytic, ANS-Paralytic, ANS-Stimulant, Addictive, Anorectic, Antiestrogenic, Antifumitory, Cardiovascular, Cholinergic, Dopaminigenic, Ectoparasiticide, Epinephrininergic, Herbicide, Hyperglycemic, Insecticide, Nematistat, Neurotoxic, Serotoninergic, Tranquilizer, Anesthetic, Antiadrenergic, Antiaflatoxin, Antiarrhythmic, Antiasthmatic, Antibronchoconstrictor, Anticholinergic, Antiedemic, Antileukotrienogenic, Antiproliferant, Antiprostaglandin, Antispasmodic, Apoptotic, Bronchorelaxant, CNS-Depressant, Cytotoxic, Hypotensive, MAO-Inhibitor, Musculotropic, Myorelaxant, Phytoalexin, Phytohormonal, Uterosedative, Androgenic, Angiogenic, Anorexic, Antiadenomic, Antiandrogenic, Anticancer (Breast), Anticancer (Cervix), Anticancer (Lung), Antifertility, Antigonadotrophic, Antihyperlipoproteinaemic, Antileukemic, Antilymphomic, Antiophidic, Antiprogestational, Antiprostatadenomic, Antiprostatitic, Antipyretic, Antitumor (Breast), Antitumor (Cervix), Antitumor (Lung), Artemicide, Candidicide, Caspase-8-Inducer, Estrogenic, Febrifuge, Gonadotrophic, Hypocholesterolemic, Hypolipidemic, Spermicide, Ubiquiot, Ulcerogenic, Hypnotic, Sedative, Hypothermic, Nicotinolytic, 11B-HSD-Inhibitor, 5-Lipoxygenase-Inhibitor, ATPase-Inhibitor, Aldehyde-Oxidase-Inhibitor, AntiCrohn's, AntiGTF, AntiPMS, Antiaggregant, Antiaging, Antiallergic, Antialzheimeran, Antianaphylactic, Antiangiogenic, Antiarthritic, Anticarcinomic (Breast), Anticariogenic, Anticataract, Anticolitic, Anticomplementary, Anticystitic, Antidepressant, Antidermatitic, Antielastase, Antiencephalitic, Antiescherichic, Antifibrosarcomic, Antiflu, Antigastric, Antihydrophobic, Antihypertensive, Antileishmanic, Antilipoperoxidant, Antimalarial, Antimelanomic, Antimetastatic, Antimyocarditic, Antinociceptive, Antipancreatitic, Antiperiodontal, Antiperistaltic, Antipermeability, Antipharyngitic, Antiplaque, Antiplasmodial, Antipodriac, Antiprostanoid, Antipsoriac, Antistreptococcic, Antithiamin, Antithrombic, Antitrypanosomic, Antitumor (Bladder), Antitumor (Ovary), Bacteristat, Bradycardiac, COMT-Inhibitor, COX-2-Inhibitor, Calmodulin-Antagonist, Capillariprotective, Carcinogenic, Catabolic, Copper-Chelator, Cyclooxygenase-Inhibitor, Cytochrome-P450-1A2-Inhibitor, Deiodinase-Inhibitor, Diaphoretic?, Differentiator, Glucosyl-Transferase-Inhibitor, HIV-RT-Inhibitor, Hemostat, Hepatomagenic, Inotropic, Insulinogenic, MAO-A-Inhibitor, MMP-9-Inhibitor, Mast-Cell-Stabilizer, Metal-Chelator (Copper), Metalloproteinase-Inhibitor, Mutagenic, NADH-Oxidase-Inhibitor, NEP-Inhibitor, NF-kB-Inhibitor, NO-Inhibitor, NO-Synthase-Inhibitor, Neuroprotective, P450-Inducer, P450-Inhibitor, PGE2-Inhibitor, PTK-Inhibitor, Phospholipase-Inhibitor, Plasmodicide, Proliferant, Prostaglandin-Synthesis-Inhibitor, Protein-Kinase-C-Inhibitor, Quinone-Reductase-Inducer, TNF-alpha-Inhibitor, Teratologic, Topoisomerase-I-Inhibitor, Topoisomerase-II-Inhibitor, Tumorigenic, Tyrosinase-Inhibitor, Tyrosine-Kinase-Inhibitor, VEGF-Inhibitor, Vasodilator, Xanthine-Oxidase-Inhibitor, cAMP-Phosphodiesterase-Inhibitor, iNOS-Inhibitor, 5-HT-Inhibitor, AntiCVI, Antiapoplectic, Antiatherogenic, Anticancer, Anticapillary-Fragility, Anticlastogen, Anticonvulsant, Antidementia, Antierythemic, Antiglaucomic, Antihematuric, Antihemorrhoidal, Antinephritic, Antiplatelet, Antiprotozoal, Antipurpuric, Antithrombogenic, Antivaricose, Cytoprotective, Estrogenic?, Immunomodulator, Insectiphile, Myoprotective, PAF-Inhibitor, Protisticide, Radioprotective, Vasopressor, 'Smart-Drug', Antistress, Phagocytotic, Ovulant, Gram(+)icide, Gram(-)icide, Antiadenocarcinomic, Anticarcinomic, Antimitotic, Immunosuppressant, Antisarcomic, Narcotic, Antichoreic, Anticirrhotic, Anticystinuric, Antidyskinetic, Antihomocysteine, Antimanic, Antisteatotic, Cardiodepressant, Cerebrotonic, Ileorelaxant, Lipotropic, Memorigenic, Parasympathomimetic",1,Clinical / human evidence,https://pubmed.ncbi.nlm.nih.gov/39498904/; https://clinicaltrials.gov/study/NCT06793891; https://doi.org/10.1007/s40278-025-81919-0; https://doi.org/10.33140/jar.04.01.09; https://doi.org/10.1079/cabicompendium.56817; https://doi.org/10.1016/b978-0-12-805413-0.00008-9; https://pubmed.ncbi.nlm.nih.gov/42253745/; https://open.fda.gov/apis/drug/label/ (+57 more),65,Unknown,No explicit flag found,No explicit flag found,,63,1,1,0,0,Selected because: high relevance; strong evidence base; 7 differentiating shared compound(s),Passed scientific triage gates,Metabolic & blood sugar support,Infusion,
Panax ginseng,Shortlist,73.5,81,"Indication Relevance ...... 35/35
Evidence Quality .......... 25/30
Compound Quality .......... 9.5/12
Mechanism Support ......... 1.5/8
Safety & Regulatory ....... 7/10
Novelty & Market .......... 3/5",High relevance,35,Direct human/clinical,38,1,25,9.5,1.5,7,3,Indication-centric discovery,1,Ginsenosides; BETA-ELEMENE; GINSENOSIDE-RB-3; GINSENOSIDE-RC; GINSENOSIDE-RD; GINSENOSIDE-RE; GINSENOSIDE-RG-1; GINSENOSIDE-RG-2,8,,0,Ginsenosides; BETA-ELEMENE; GINSENOSIDE-RB-3; GINSENOSIDE-RC; GINSENOSIDE-RD; GINSENOSIDE-RE; GINSENOSIDE-RG-1; GINSENOSIDE-RG-2,"Immune modulation, HPA axis, AMPK, Anticancer (Cervix), Antigliomic, Antiproliferant, Antitumor (Cervix), Apoptotic, Calcium-Antagonist, Corticosteroidogenic, Lipogenic, MDR-Inhibitor, Prostaglandin-Synthesis-Inhibitor, Vasodilator, Neurogenic, Analgesic, Antiaggregant, Antifatigue, Antistress, Antitumor, Aphrodisiac, CNS-Stimulant, Homeostatic, Hypoglycemic, Pyrogenic, Stimulant, Antisecretory, 11B-HSD-Inhibitor, 5-Lipoxygenase-Inhibitor, Aldose-Reductase-Inhibitor, Antiaflatoxin, Antiallergic, Antibacterial, Anticancer, Antifertility, Antigingivitic, Antiherpetic, Antihistaminic, Antiimplantation, Antiinflammatory, Antileukemic, Antilymphocytic, Antimutagenic, Antioxidant, Antiperiodontic, Antiplaque, Antiradicular, Antiseptic, Antiserotonin, Antispasmodic, Antistaphylococcic, Antitumor-Promoter, Antiulcer, Antiviral, Aromatase-Inhibitor, COX-2-Inhibitor, Cancer-Preventive, Carcinogenic, Choleretic, Copper-Chelator, Cyclooxygenase-Inhibitor, Cytotoxic, Diaphoretic?, Diuretic, Estrogenic, Fungicide, HIV-RT-Inhibitor, Hepatoprotective, Hypotensive, ICAM-1-Inhibitor, Inotropic, Iodothyronine-Deiodinase-Inhibitor, JNK-Inhibitor, Lipoxygenase-Inhibitor, MAO-Inhibitor, Mutagenic, NO-Inhibitor, Natriuretic, Neuroprotective, PAF-Inhibitor, Pesticide, Protisticide, Quinone-Reductase-Inducer, TNF-alpha-Inhibitor, Teratologic, Topoisomerase-I-Inhibitor, Topoisomerase-II-Inhibitor, Tyrosinase-Inhibitor, Uterotrophic, cAMP-Phosphodiesterase-Inhibitor, iNOS-Inhibitor, Antidermatic, Abortifacient, AntiHIV, AntiPGE2, AntiTGF-beta, Antiarrhythmic, Antiatherosclerotic, Anticarcinomic, Anticariogenic, Anticomplement, Antiedemic, Antihepatotoxic, Antihyperlipidemic, Antiischemic, Antileukotriene, Antimalarial, Antinephritic, Antiperoxidant, Antiplasmodial, Antisarcomic, Antitumor (Breast), Antitumor (Colon), Antitumor (Kidney), Antitumor (Lung), Antitumor (Pancreas), Beta-Blocker, Beta-Glucuronidase-Inhibitor, Cardioprotective, Cardiotonic, Elastase-Inhibitor, Hypolipemic, Immunomodulator, Leucocytogenic, NF-kB-Inhibitor, Phagocytotic, Piscicide, Sedative, Uterotonic, Vasopressor, Cerebrotonic, Endrocrin-Tonic, Myostimulant, Antialzheimeran, Antichoreic, Anticirrhotic, Anticystinuric, Antidementia, Antidiabetic, Antidyskinetic, Antihomocysteine, Antimanic, Antinociceptive, Antisteatotic, Cardiodepressant, Cholinergic, Ileorelaxant, Lipotropic, Memorigenic, Parasympathomimetic, Acidulant, Antiotitic, Antisalmonella, Antivaginitic, Expectorant, Keratitigenic, Mucolytic, Osteolytic, Perfumery, Spermicide, Ulcerogenic, Verrucolytic, Antianemic, Antigranulocytopenic, Hyperuricemic, Insectifuge, Lithogenic, Myocardiotonic, Antidiuretic, Antiendotoxic, Antihypertensive, Antiinsomniac, Antilipolytic, Antitachycardic, Anxiolytic, Arteriodilator, Glucogonogenic, Hypocholesterolemic, Insulinic, Laxative, Lipolytic, Myorelaxant, Respirastimulant, Secretomotor, Gastroprotective, Larvicide, Mosquitocide, Antipyretic, Hepatoregenerative, Allergenic, Anesthetic, Antipeptic, Candidicide, FLavor, Immunostimulant, Insecticide, Motor-Depressant, Narcotic, Nematicide, Termiticide, Antirhinoviral, Stomachic, Antifeedant, AntiLegionella, Antiadenoviral, Antiaging, Antiatherogenic, Anticarcinogenic, Antidepressant, Antielastase, Antiescherichic, Antiflu, Antigonadotropic, Antihemolytic, Antihepatoadenomic, Antihypercholesterolemic, Antihyperthyroid, Antimelanogenic, Antinitrosaminic, Antiophidic, Antiprostaglandin, Antistomatitic, Antisunburn, Antithiamin, Antithyroid, Antitumor (Skin), Antiulcerogenic, Antivaccinia, CNS-Active, Chemopreventive, Cholagogue, Clastogenic, Co-carcinogenic, Collagen-Sparing, Cytoprotective, DNA-Active, DNA-Protective, Hepatocarcinogenic, Hepatotropic, Histamine-Inhibitor, Leukotriene-Inhibitor, Lyase-Inhibitor, Metal-Chelator, Ornithine-Decarboxylase-Inhibitor, Prooxidant, Prostaglandigenic, Sunscreen, Tumorigenic, Vulnerary, Xanthine-Oxidase-Inhibitor, Antiacne, Antistreptococcic, Cytochrome-P450-Inducer, P450-Inducer, Testosterone-Inducer, Analeptic, Anticephalagic, Anticerebrotic, Anticonvulsant, Antiinsomnic, Antilethargic, Antitinnitic, CNS-Inhibitor, Cardiovascular, Neuroinhibitor, Neurotoxic, Neurotransmitter, Tranquilizer, Antiallergenic, Antianaphylactic, Antihelicobacter, Antileishmanic, Antishock, Antitumor (Liver), Barbituate-Synergist, Bronchorelaxant, Caspase-3-Inducer, Glaucomagenic, Glutathionigenic, Herbicide, P450-2B1-Inhibitor, Prostatitigenic, Teratogenic, Trichomonicide, Trypanocide, Alpha-Amylase-Inhibitor, Antiaphthic, Anticalculic, Anticoagulant, Antioxidant Synergist, Antiseborrheic, Antitubercular, Disinfectant, Hemostat, Irritant, Laxative?, Litholytic, Mycobactericide, Odontolytic, Refrigerant, Allelopathic, Anticlastogen, Antirheumatic, Ubiquiot, AntiEBV, Antianoxic, Antitumor-Promoter?, VEGF-Inhibitor, Lubricant, AntiHot-Flash, Antiestrogenic, Antimenopausal, Transdermal, Antiimpotence, Antiprostatadenomic, Anhydrotic, Antipruritic, CNS-Depressant, Hepatotoxic, Hypertensive, Hypnotic, Hypocalcemic, Mucotropic, Neurolytic, Rubefacient, Sclerosant, Surfactant, Tremorilytic, Acaricide, AntiTNF, Antiarachidonate, Antigenotoxic, Antikeratotic, Antimitotic, Antinitrosating, Antithromboxane, Apifuge, COX-1-Inhibitor, Carcinogenic?, Carminative, Cytochrome-P450-Inhibitor, Dermatitigenic, Enterorelaxant, Juvabional, Trichomonistat, Trypsin-Enhancer, Varroacide, Vermifuge, Antimelanomic, Fungistat, Phytoalexin, Anticancer (Colon), Anticancer (Forestomach), Anticancer (Liver), Anticancer (Skin), Antidysmenorrheic, Antineoplastic, Antithrombic, Antitumor (Forestomach), Cardiac, Hydrocholerectic, Hypolipidemic, Preservative, Uterosedative, Antidermatitic, Antihepatocarcinogenic, Antipsoriac, Antiangiogenic, Convulsant, Tremorigenic, Allelochemic, Insulinase-Inhibitor, Insulinotonic, Hormone, Antithrombotic, Antihyperglycemic, Antilithic, Antioxalate, Antiurethrotic, FPTase-Inhibitor, TOPO-2-Inhibitor, Anticancer (Breast), Antimaculitic, Antinyctalopic, Antiretinitic Optometry, Colorant, Retinoprotectant Optometry, Antifibromyalgic, Bacteristat, Bruchiphobe, Hemopoietic, Sialogogue, CNS-Sedative, Sweetener, Anthelmintic, AntiReye's, Antiglaucomic, Emetic, Flatugenic, Nephrotoxic, Depressant, AntiCrohn's, Antichilblain, Antidote (pesticides), Antischizophrenic, Antithyrotoxic, Dermal, Insectiphile, Antipneumonic, Coleoptophile, Spasmogenic, Antiarthritic, Antidandruff, Antidermatotic, Antieczemic, Antiichthyosic, Antineuralgic, Antioncychomycotic, Antiperiodic, Antipodagric, Antitympanitic, Comedolytic, Keratolytic, Thermogenic, Tineacide, Antihepatomic, Antitumor (Ovary), Artemicide, Ovulant, Additive, Dye, Anticystitic, Antidote (Paraquat), Antiosteoarthritic, Antianacarditic, Anticolitic, Antidecubitic, Antidiarrheic, Antidote, Antidysenteric, Antiencephalitic, Antienteritic, Antigargantitic, Antihemorrhoidal, Antiobesity, Antipharyngitic, Antipolio, Antirhinitic, Antitonsilitic, Astringent, Detoxicant, Androgenic, Angiogenic, Anorexic, Antiadenomic, Antiandrogenic, Anticancer (Lung), Antigonadotrophic, Antihyperlipoproteinaemic, Antilymphomic, Antiprogestational, Antiprostatitic, Caspase-8-Inducer, Febrifuge, Gonadotrophic, Antiasthmatic, Antitussive, Culicide, Antisickling, Ascaricide, Immunosuppressant, Adaptogenic, Corticosterogenic, Ethanolytic, Interferonogenic, Lactogenic, Mycorelaxant, Thyrotropic, Fibrinolytic, Antionychyotic, Termitifuge, AChE-Inhibitor, Antiacetylcholinesterase, Antialzheimeran?, Antiesophagitic, Antimetastatic (Stomach), Antitumor (Prostate), Antitumor (Stomach), Bronchoprotectant, Candidistat, Cholesterolytic, Enterocontractant, Fungiphilic, GST-Inducer, Histaminic, Interleukin-6-Inhibitor, NO-Genic, Ozone-Scavenger, Peristaltic, Photosensitizer, Anticolic, Antiglutamaergic, Antimange, Antimite, GABA-nergic, Hypothermic, Mosquitofuge, Tumor-Promoter, Antihalitosic, Antimenorrhagic, Antisinusitic, Deodorant, Oxidant, Antiosteoporotic, Antiosteosclerotic, Antiamnesic, Antipsychotic, Hypotriglyceridemic, Proteinogenic, Decongestant, Vermicide",1,Regulatory / monograph evidence,https://doi.org/10.3389/fnagi.2015.00129; https://pubmed.ncbi.nlm.nih.gov/41582079/; http://purl.obolibrary.org/obo/CHEBI_754085; http://purl.obolibrary.org/obo/CHEBI_753435; https://pubmed.ncbi.nlm.nih.gov/1294861/; https://dailymed.nlm.nih.gov/dailymed/drugInfo.cfm?setid=544d11cd-3cfa-9c91-e063-6294a90a8526; https://pubmed.ncbi.nlm.nih.gov/35923544/; https://dailymed.nlm.nih.gov/dailymed/drugInfo.cfm?setid=4fe00413-0938-2c82-e063-6294a90a3b1f (+30 more),38,Unknown,No explicit flag found,No explicit flag found,,78,1,1,0,0,Selected because: high relevance; strong evidence base; 8 differentiating shared compound(s),Passed scientific triage gates,Metabolic & blood sugar support,Infusion,
Curcuma longa,Shortlist,73.5,81,"Indication Relevance ...... 35/35
Evidence Quality .......... 25/30
Compound Quality .......... 9.5/12
Mechanism Support ......... 1.5/8
Safety & Regulatory ....... 7/10
Novelty & Market .......... 3/5",High relevance,35,Direct human/clinical,32,1,25,9.5,1.5,7,3,Indication-centric discovery,1,CAPRYLIC-ACID; CINNAMIC-ACID; CURCUMENOL; P-CYMENE; EUGENOL; ISOBORNEOL; P-METHOXY-CINNAMIC-ACID; ALPHA-PINENE,8,,0,CAPRYLIC-ACID; CINNAMIC-ACID; CURCUMENOL; P-CYMENE; EUGENOL; ISOBORNEOL; P-METHOXY-CINNAMIC-ACID; ALPHA-PINENE,"Antiseptic, Candidicide, Fungicide, Irritant, Pesticide, Aldose-Reductase-Inhibitor, Allergenic, Anesthetic, Antibacterial, Antiinflammatory, Antimutagenic, Antispasmodic, Cancer-Preventive, Choleretic, Dermatitigenic, FLavor, Herbicide, Laxative, Lipoxygenase-Inhibitor, Tyrosinase-Inhibitor, Vermifuge, Anticancer, Antitumor, Emetic, Analgesic, Antiacetylcholinesterase, Antibacillary, Antiflu, Antirheumatalgic, Antiviral, Insectifuge, Sedative, Trichomonicide, Acaricide, AntiTNF, Antiaggregant, Antiarachidonate, Anticonvulsant, Antiedemic, Antiestrogenic, Antifeedant, Antigenotoxic, Antiherpetic, Antikeratotic, Antimitotic, Antinitrosating, Antioxidant, Antiprostaglandin, Antipyretic, Antiradicular, Antisalmonella, Antistaphylococcic, Antithromboxane, Antiulcer, Apifuge, CNS-Depressant, COX-1-Inhibitor, COX-2-Inhibitor, Calcium-Antagonist, Carcinogenic?, Carminative, Cytochrome-P450-Inhibitor, Cytotoxic, Enterorelaxant, Hepatoprotective, Insecticide, Juvabional, Larvicide, Motor-Depressant, Nematicide, Neurotoxic, Perfumery, Prostaglandin-Synthesis-Inhibitor, Termiticide, Trichomonistat, Trypsin-Enhancer, Ulcerogenic, Varroacide, Vasodilator, Motor-Stimulant, Hemolytic, Hypoglycemic, Allelochemic, Antiacne, Antipneumonic, Coleoptophile, Expectorant, Insectiphile, P450-2B1-Inhibitor, Spasmogenic, Tranquilizer, Transdermal, Antiallergenic, Antiasthmatic, Antiproliferant, Antitussive, Cholagogue, Culicide, ACE-Inhibitor, Allelopathic, Anticariogenic, Cicatrizant, Interleukin-6-Inhibitor, Mosquitofuge, Vulnerary, Hepatotonic, AntiX-Radiation, Anticancer (Cervix), Antileukopenic, Antisarcomic, Antitumor (Cervix), Antiallergic, Antihistaminic, Hepatoregenerative, (-)-Chronotropic, (-)-Inotropic, Anthelmintic, Antibronchitic, Anticatarrh, Anticholinesterase, Antifatigue, Antihalitosic, Antilaryngitic, Antinociceptive, Antipharyngitic, Antiplaque, Antirheumatic, Antirhinitic, Antisinusitic, CNS-Stimulant, Carcinogenic, Convulsant, Counterirritant, Cytochrome-P450-Inducer, Decongestant, Degranulant, Dentifrice, Edemagenic, Gastroprotective, Gram(+)icide, Gram(-)icide, Hypotensive, Inflammatory, Myorelaxant, P450-Inducer, Pediculicide, Perfume, Rubefacient, Secretogogue, Surfactant, Testosterone-Hydroxylase-Inducer, Antialzheimeran, Antiamyloid-Beta, Antiangiogenic, Anticholeretic, Antirhinoviral, Antileukotriene, Ulcerogenic?, Antiuricosuric, Hyperglycemic, Uricosuric, DNA-Protective, Antileukemic, Abortifacient, Stomachic, AntiHIV, AntiLegionella, Antiadenoviral, Antiaging, Antiatherogenic, Anticarcinogenic, Antidepressant, Antielastase, Antiescherichic, Antigonadotropic, Antihemolytic, Antihepatoadenomic, Antihepatotoxic, Antihypercholesterolemic, Antihyperthyroid, Antimelanogenic, Antinitrosaminic, Antiophidic, Antiperoxidant, Antistomatitic, Antisunburn, Antithiamin, Antithyroid, Antitumor (Skin), Antitumor-Promoter, Antiulcerogenic, Antivaccinia, Anxiolytic, CNS-Active, Chemopreventive, Clastogenic, Co-carcinogenic, Collagen-Sparing, Cytoprotective, DNA-Active, Diuretic, Hepatocarcinogenic, Hepatotropic, Histamine-Inhibitor, Immunostimulant, Leukotriene-Inhibitor, Lyase-Inhibitor, Metal-Chelator, Ornithine-Decarboxylase-Inhibitor, Prooxidant, Prostaglandigenic, Sunscreen, Tumorigenic, Xanthine-Oxidase-Inhibitor, Anticlastogen, Antifertility, Diaphoretic?, Hypotriglyceridemic, 12-Lipoxygenase-Inhibitor, 5-Alpha-Reductase-Inhibitor, 5-HETE-Inhibitor, 5-Lipoxygenase-Inhibitor, 8-HETE-Inhibitor, AntiCrohn's, AntiEBV, Antiadenomacarcinogenic, Antiaflatoxin, Antiarthritic, Antiatherosclerotic, Anticancer (Breast), Anticancer (Colon), Anticancer (Duodenum), Anticancer (Mammary), Anticancer (Skin), Anticancer (Stomach), Anticataract, Anticholecystosic, Anticolitic, Anticollagenic, Antieczemic, Antieicosanoid, Antihepatotic, Antiintegrase, Antiischemic, Antileishmanic, Antilipoperoxidant, Antilithic, Antilymphomic, Antimelanomic, Antimetastatic, Antipapillomic, Antipsoriatic, Antithrombotic, Antitumor (Colon), Antitumor (Liver), Apoptotic, Cardiodepressant, Chelator, Cyclooxygenase-Inhibitor, Deodorant, Detoxicant, Dye, Fibrinolytic, Glutathionigenic, Hypocholesterolemic, Hypolipidemic, IKB-kinase-Inhibitor, IKK-Inhibitor, IkappaB-alpha-Phosphorylation-Inhibitor, Lipase-Inducer, Litholytic, MDR-Inhibitor, MMP-9-Inhibitor, Maltase-Promoter, Mucogenic, NF-kB-Inhibitor, NO-Inhibitor, NO-Scavenger, Neuroprotective, P450-Inhibitor, PGE2-Inhibitor, PTK-Inhibitor, Phototoxic, Plasmodicide, Protease-Inhibitor, Protein-Kinase-C-Inhibitor, Protein-Kinase-Inhibitor, Pulmonoprotective, Quinone-Reductase-Inducer, Radioprotective, Sortase-A-Inhibitor, Sucrase-Promoter, TNF-Inhibitor, Topoisomerase-I-Inhibitor, Topoisomerase-II-Inhibitor, VEGF-Inhibitor, Calcium-Channel-Blocker, Antistress, Hypothermic, Antidermatitic, Antiesophagitic, Antituberculic, Cardiotonic, Dermal, Alpha-Glucosidase-Inhibitor, Antiarrhythmic, Antitumor (Mouth), Cardioprotective, Glutathione-Depleting, Hepatotoxic, Nephrotoxic, Phagocytotic, Ubiquiot, Androgenic, Angiogenic, Anorexic, Antiadenomic, Antiandrogenic, Anticancer (Lung), Antigonadotrophic, Antihyperlipoproteinaemic, Antiprogestational, Antiprostatadenomic, Antiprostatitic, Antitumor (Breast), Antitumor (Lung), Artemicide, Caspase-8-Inducer, Estrogenic, Febrifuge, Gonadotrophic, Spermicide, Ovulant, AntiNKC, Antihemorrhagic, Antilymphocytic, iNOS-Inhibitor, RES-Activator, Antisickling, Ascaricide, Immunosuppressant, Antiprostatotic, Antiacetylcholine, Antiotitic, Antiyeast, CNS-Toxic, Inhalant, Insect-Repellent, Antilithic?, Hypocholesterolemic?, Antidiarrheic, Antidysenteric, Antiemetic, Antifibrositic, Antineuralgic, Antipruritic, Cosmetic, Deliriant, Ecbolic, Epileptigenic, Occuloirritant, Respirainhibitor, Respirastimulant, Stimulant, Verrucolytic, Vibriocide, Antionychyotic, Antistreptococcic, Mosquitocide, Termitifuge, AChE-Inhibitor, Antialzheimeran?, Antimetastatic (Stomach), Antiobesity, Antitumor (Pancreas), Antitumor (Prostate), Antitumor (Stomach), Bronchoprotectant, Candidistat, Cholesterolytic, Enterocontractant, Fungiphilic, Fungistat, GST-Inducer, Histaminic, Immunomodulator, Lipolytic, NO-Genic, Ozone-Scavenger, Peristaltic, Photosensitizer, Antianaphylactic, Anticolic, Antiglutamaergic, Antimange, Antimite, Antishock, Barbituate-Synergist, Bronchorelaxant, GABA-nergic, Hypnotic, Tumor-Promoter, 11B-HSD-Inhibitor, ATPase-Inhibitor, Aldehyde-Oxidase-Inhibitor, AntiGTF, AntiPMS, Anticarcinomic (Breast), Anticomplementary, Anticystitic, Antidiabetic, Antiencephalitic, Antifibrosarcomic, Antigastric, Antihydrophobic, Antihypertensive, Antimalarial, Antimyocarditic, Antipancreatitic, Antiperiodontal, Antiperistaltic, Antipermeability, Antiplasmodial, Antipodriac, Antipolio, Antiprostanoid, Antipsoriac, Antithrombic, Antitrypanosomic, Antitumor (Bladder), Antitumor (Ovary), Bacteristat, Bradycardiac, COMT-Inhibitor, Calmodulin-Antagonist, Capillariprotective, Catabolic, Copper-Chelator, Cytochrome-P450-1A2-Inhibitor, Deiodinase-Inhibitor, Differentiator, Glucosyl-Transferase-Inhibitor, HIV-RT-Inhibitor, Hemostat, Hepatomagenic, Inotropic, Insulinogenic, Larvistat, MAO-A-Inhibitor, Mast-Cell-Stabilizer, Metal-Chelator (Copper), Metalloproteinase-Inhibitor, Mutagenic, NADH-Oxidase-Inhibitor, NEP-Inhibitor, NO-Synthase-Inhibitor, Phospholipase-Inhibitor, Proliferant, TNF-alpha-Inhibitor, Teratologic, Tyrosine-Kinase-Inhibitor, cAMP-Phosphodiesterase-Inhibitor",1,Clinical / human evidence,https://www.ncbi.nlm.nih.gov/books/5687622/; https://pubmed.ncbi.nlm.nih.gov/42229775/; https://clinicaltrials.gov/study/NCT05753436; https://doi.org/10.3389/fphar.2022.820806; https://dailymed.nlm.nih.gov/dailymed/drugInfo.cfm?setid=5901ce01-2215-499d-9374-0f09ced99b44; https://doi.org/10.3390/nu10091196; https://doi.org/10.1186/1472-6882-6-3; https://doi.org/10.1016/b978-0-12-819218-4.00011-0 (+24 more),32,Unknown,No explicit flag found,No explicit flag found,,78,1,1,0,0,Selected because: high relevance; strong evidence base; 8 differentiating shared compound(s),Passed scientific triage gates,Metabolic & blood sugar support,Infusion,
Camellia sinensis,Shortlist,73.5,81,"Indication Relevance ...... 35/35
Evidence Quality .......... 25/30
Compound Quality .......... 9.5/12
Mechanism Support ......... 1.5/8
Safety & Regulatory ....... 7/10
Novelty & Market .......... 3/5",High relevance,35,Direct human/clinical,29,1,25,9.5,1.5,7,3,Indication-centric discovery,1,EGCG; Caffeine; ACETOPHENONE; ADENINE; BENZOIC-ACID; BUTYRIC-ACID; CAFFEIC-ACID; CINNAMIC-ACID,8,,0,EGCG; Caffeine; ACETOPHENONE; ADENINE; BENZOIC-ACID; BUTYRIC-ACID; CAFFEIC-ACID; CINNAMIC-ACID,"AMPK, Antioxidant pathways, Adenosine receptor, Antibacterial, Fungicide, Hypnotic, Perfumery, Pesticide, Soporific, Antianemic, Antigranulocytopenic, Antiviral, CNS-Stimulant, Diuretic, Hyperuricemic, Insectifuge, Lithogenic, Myocardiotonic, Vasodilator, Allergenic, Anesthetic, Antiotitic, Antipyretic, Antisalmonella, Antiseptic, Antiyeast, Choleretic, Expectorant, FLavor, Phytoalexin, Tyrosinase-Inhibitor, Uricosuric, Vulnerary, Anticancer, Antitumor, Apoptotic, Bruchifuge, Nematistat, Aldose-Reductase-Inhibitor, Analgesic, AntiHIV, AntiLegionella, Antiadenoviral, Antiaggregant, Antiaging, Antiatherogenic, Anticarcinogenic, Antidepressant, Antiedemic, Antielastase, Antiescherichic, Antiflu, Antigonadotropic, Antihemolytic, Antihepatoadenomic, Antihepatotoxic, Antiherpetic, Antihistaminic, Antihypercholesterolemic, Antihyperthyroid, Antiinflammatory, Antileukemic, Antileukotriene, Antimelanogenic, Antimutagenic, Antinitrosaminic, Antiophidic, Antioxidant, Antiperoxidant, Antiproliferant, Antiprostaglandin, Antiradicular, Antispasmodic, Antistaphylococcic, Antistomatitic, Antisunburn, Antithiamin, Antithyroid, Antitumor (Skin), Antitumor-Promoter, Antiulcerogenic, Antivaccinia, Anxiolytic, CNS-Active, COX-2-Inhibitor, Calcium-Antagonist, Cancer-Preventive, Carcinogenic, Chemopreventive, Cholagogue, Clastogenic, Co-carcinogenic, Collagen-Sparing, Cytoprotective, Cytotoxic, DNA-Active, DNA-Protective, Hepatocarcinogenic, Hepatoprotective, Hepatotropic, Histamine-Inhibitor, Immunostimulant, Leukotriene-Inhibitor, Lipoxygenase-Inhibitor, Lyase-Inhibitor, Metal-Chelator, Ornithine-Decarboxylase-Inhibitor, Prooxidant, Prostaglandigenic, Sedative, Sunscreen, Tumorigenic, Xanthine-Oxidase-Inhibitor, Dermatitigenic, Herbicide, Laxative, Vermifuge, Antistreptococcic, Candidicide, Irritant, Nematicide, Trichomonicide, Vitamin-A-Activity, ACE-Inhibitor, AntiMRSA, Antiadenovirus, Antiallergenic, Antianaphylactic, Antiangiogenic, Antiasthmatic, Antibronchitic, Anticarcinomic, Antifibrinolytic, Antileishmanic, Antiperiodontitic, Antipolio, Antiproteolytic, Astringent, Bacteristat, Bronchodilator, Cyclooxygenase-Inhibitor, Floral-Inhibitor, Gram(+)icide, Gram(-)icide, Hemostat, Immunomodulator, Immunosuppressant, Insulin-Sparing, Myorelaxant, NO-Inhibitor, Nephrotoxic, Styptic, Topoisomerase-I-Inhibitor, AntiEBV, Antiaflatoxin, Antitumor (Colon), Estrogenic, Glutathionigenic, Spasmolytic, Anthelmintic, Anticancer (Pancreas), Anticariogenic, Antimelanomic, Antitubercular, Antitumor (Pancreas), Ascaricide, Embryotoxic, Emetic, Insectiphile, Mycobactericide, Antidermatitic, Antieczemic, Antiesophagitic, Antituberculic, Cardiodepressant, Cardiotonic, Dermal, Prostaglandin-Synthesis-Inhibitor, Transdermal, Cytochrome-P450-Inducer, Hypocholesterolemic, P450-Inducer, 11B-HSD-Inhibitor, 5-Lipoxygenase-Inhibitor, Antiallergic, Antifertility, Antigingivitic, Antiimplantation, Antilymphocytic, Antiperiodontic, Antiplaque, Antiserotonin, Antiulcer, Aromatase-Inhibitor, Copper-Chelator, Diaphoretic?, HIV-RT-Inhibitor, Hypotensive, ICAM-1-Inhibitor, Inotropic, Iodothyronine-Deiodinase-Inhibitor, JNK-Inhibitor, MAO-Inhibitor, Mutagenic, Natriuretic, Neuroprotective, PAF-Inhibitor, Protisticide, Quinone-Reductase-Inducer, TNF-alpha-Inhibitor, Teratologic, Topoisomerase-II-Inhibitor, Uterotrophic, cAMP-Phosphodiesterase-Inhibitor, iNOS-Inhibitor, Purgative, Anaphrodisiac, Antirheumatalgic, Antitartar, Carminative, Counterirritant, Dentifrice, Herpetifuge, Antiacetylcholinesterase, Antialzheimeran, Antiamnesic, Antiamyloid-Beta, Antiestrogenic, Antifibrotic, Antiperistaltic, Antiperoxidative, Antisindhis, Aphidifuge, Cytochrome-P450-Inhibitor, Decarboxylase-Inhibitor, Fungistat, P450-Inhibitor, Serotonin-Inhibitor, Teratogenic, Antihelicobacter, Antiacne, Antifeedant, Acaricide, CNS-Paralytic, Fatal, Hemostatic, Renotoxic, Varroacide, Antidiarrheic, Antidysenteric, Antihypertensive, Antilipolytic, Antirenitic, Chelator, Glucosyl-Transferase-Inhibitor, Psychotropic, Rubefacient, CNS-Depressant, Antiarrhythmic, Anticataract, Antihemorrhagic, Antipurpuric, Antithrombogenic, Cyclooxygenase-Activator, Detoxicant, Dye, Hepatotonic, Hypoglycemic, MAO-A-Inhibitor, Paralytic, Vasopressor, Antimalarial, Preservative, Anticonvulsant, Controlled, Cytochrome-P488-Inducer, DNA-Binder, Hepatoregenerative, Hepatotoxic, Hypothermic, Neurotoxic, Pediculicide, Psychoactive, Tremorigenic, Antiarthritic, Antidandruff, Antidermatotic, Antiichthyosic, Antineuralgic, Antioncychomycotic, Antiperiodic, Antipodagric, Antipsoriac, Antirheumatic, Antiseborrheic, Antitympanitic, Comedolytic, Keratolytic, Thermogenic, Tineacide, Ulcerogenic, Antianacarditic, Anticolitic, Antidecubitic, Antidote, Antiencephalitic, Antienteritic, Antigargantitic, Antihemorrhoidal, Antiobesity, Antipharyngitic, Antirhinitic, Antitonsilitic, Antianginal, Anticholinergic, Antidysmenorrheic, Antiembolic, Antiischemic, Antimetastatic, Arteriodilator, Cardiac, Schistosomicide, Uterosedative, Mitogen, Antithromboxane, (+)-Inotropic, Antiapneic, Antibradyarrhythmic, Anticellulitic, Antiemphysemic, Cardiovascular, Fetotoxic, Hypertensive, Prostaglandin-Secretor, Stimulant, Tachycardic, cAMP-Inhibitor, cGMP-Inhibitor, cGMP-Phosphodiesterase-Inhibitor, Antihysteric, Antiinsomniac, Tranquilizer, Anticancer (Breast), Antitumor (Breast), Colorant, Acidulant, Antivaginitic, Keratitigenic, Mucolytic, Osteolytic, Spermicide, Verrucolytic, Narcotic, Anticancer (Bladder), Anticancer (Cervix), Anticancer (Prostate), Antiprostatitic, Antitumor (Bladder), Antitumor (Cervix), Antitumor (Prostate), Antinociceptive, P450-2B1-Inhibitor, Termiticide, Antidiabetic, Antimitochondrial, Toxic, Capillarigenic, Diaphoretic, Antiatherosclerotic, Antimaculitic, Antinyctalopic, Antiretinitic Optometry, Retinoprotectant Optometry, Ubiquiot, Antifibromyalgic, Antioxidant Synergist, Bruchiphobe, Hemopoietic, Laxative?, Sialogogue, AntiCrohn's, Antichilblain, Antidote (pesticides), Antischizophrenic, Antithyrotoxic, Insulinase-Inhibitor, Insulinotonic, Lipolytic, 5-HT-Inhibitor, Aldehyde-Oxidase-Inhibitor, Allelochemic, AntiCVI, Antiapoplectic, Anticapillary-Fragility, Anticlastogen, Antidementia, Antierythemic, Antiglaucomic, Antihematuric, Antinephritic, Antiplatelet, Antiprotozoal, Antitrypanosomic, Antivaricose, Capillariprotective, Catabolic, Estrogenic?, Hepatomagenic, Insecticide, Juvabional, Larvistat, Myoprotective, Oviposition-Stimulant, Radioprotective, Sprout-Inhibitor, Ancylostomicide, Ankylostomacide, Antialzheimeran?, Anticholinesterase, Antihalitosic, Antilepric, Antineuritic, Antioxidant (LDL), Antitrichinosic, Antitussive, Ataxigenic, Culicide, Deodorant, Enterorelaxant, Enterotoxic, Gastroirritant, Larvicide, Molluscicide, Tracheorelaxant, Urinary-Antiseptic, Vermicide, Antibradiquinic, Antiserotoninic, Goitrogenic, Thyroid-Peroxidase-Inhibitor, Addictive, Respiraparalytic, Antipeptic, Suppurative, Gastroprotective, Mosquitocide, AntiADD, Anticancer (Lung), Anticomplementary, Antistress, Antitumor (Lung), Beta-Glucuronidase-Inhibitor, COX-1-Inhibitor, Calcium-Antagonist?, Cytochrome-P450-1A1-Inhibitor, Deiodinase-Inhibitor, Differentiator, HIF-1alpha-Inhibitor, Hyaluronidase-Inhibitor, IKK-Inhibitor, Interleukin-6-Inhibitor, MAPK-Inhibitor, Musculotropic, NADH-Oxidase-Inhibitor, NF-kB-Inhibitor, NO-Synthase-Inhibitor, Nodulation-Signal, P21-Inducer, PKC-Inhibitor, PTK-Inhibitor, Polyamine-Synthesis-Inhibitor, Progestational, Protein-Kinase-C-Inhibitor, VEGF-Inhibitor, Motor-Depressant, Antiodontalgic, Antipruritic, Phytohormonal, Adenosine-Antagonist, Analeptic, Analgesic-Synergist, Antiapoptotic, Antiemetic, Antihypotensive, Antinarcotic, Antiserotonergic, Arrhythmigenic, Coronary-Dilator, Energizer, Ergotamine-Enhancer, Lypolytic, Phosphodiesterase-Inhibitor, Pyrogenic, Respirastimulant, Spasmogenic, Anticholinesterase?, Antidiuretic, Prostaglandin-Inhibitor, Anticoagulant, Beta-Adrenergic Receptor Blocker, Phagocytotic, Vasoconstrictor, Anticancer (Colon), Anticancer (Forestomach), Anticancer (Liver), Anticancer (Skin), Antigenotoxic, Antitumor (Forestomach), Antitumor (Liver), Autotoxic, Cardioprotective, Interferonogenic, NO-Genic, Sweetener, Antihepatitic, Fumigant, Hemolytic, Parasiticide, Rodenticide, Lubricant, Respirotoxic, AntiTNF, Antiarachidonate, Antikeratotic, Antimitotic, Antinitrosating, Apifuge, Carcinogenic?, Trichomonistat, Trypsin-Enhancer, Abortifacient, Antiadenomic, Anticarcinomic (Colon), Anticarcinomic (Lung), Pheromonal, Antiosteoporotic, Antiosteosclerotic, Bactericide, Antiwrinkle, Capillarifortificant, Tissue-Thromboplastin-Inhibitor, Hypercholesterolemic, Antithrombotic, Antihyperglycemic, Antilithic, Antioxalate, Antiurethrotic, FPTase-Inhibitor, TOPO-2-Inhibitor, Antigastric, Antigonadotrophic, COMP-Inhibitor, Oxidase-Inhibitor, Tyrosine-Kinase-Inhibitor, Antipneumonic, Coleoptophile, Antigastrotic, ATPase-Inhibitor, AntiGTF, AntiPMS, Anticarcinomic (Breast), Anticystitic, Antifibrosarcomic, Antihydrophobic, Antilipoperoxidant, Antimyocarditic, Antipancreatitic, Antiperiodontal, Antipermeability, Antiplasmodial, Antipodriac, Antiprostanoid, Antithrombic, Antitumor (Ovary), Bradycardiac, COMT-Inhibitor, Calmodulin-Antagonist, Cytochrome-P450-1A2-Inhibitor, Insulinogenic, MMP-9-Inhibitor, Mast-Cell-Stabilizer, Metal-Chelator (Copper), Metalloproteinase-Inhibitor, NEP-Inhibitor, PGE2-Inhibitor, Phospholipase-Inhibitor, Plasmodicide, Proliferant, Antirhinoviral, Stomachic, Androgenic, Angiogenic, Anorexic, Antiandrogenic, Antihyperlipoproteinaemic, Antilymphomic, Antiprogestational, Antiprostatadenomic, Artemicide, Caspase-8-Inducer, Febrifuge, Gonadotrophic, Hypolipidemic, Ovulant, Antisecretory, Allelopathic, Cicatrizant, Mosquitofuge, Myostimulant, Hormonal, Photoactive, Antimenorrhagic, Antisinusitic, Oxidant, Testosterone-Inducer, Anticoronary, Antibiotic, Antiexudative, Antigastritic, Capillaritonic, Antiprostatotic, Antiuricosuric, Hyperglycemic, Anabolic, Choline-Sparing, Interleukin-1-alpha-Inhibitor, Interleukin-6-mRNA-Inhibitor, Pancreatogenic, Peroxynitrite-Scavenger, Propecic, Antiretinopathic, Antialopecic, Anticirrhotic, Antidiabetic?, Antineuropathic?, Cholesterolytic, Lipotropic, AChE-Inhibitor, Antimetastatic (Stomach), Antitumor (Stomach), Bronchoprotectant, Candidistat, Enterocontractant, Fungiphilic, GST-Inducer, Histaminic, Ozone-Scavenger, Peristaltic, Photosensitizer, Anticolic, Antiglutamaergic, Antimange, Antimite, Antishock, Barbituate-Synergist, Bronchorelaxant, GABA-nergic, Termitifuge, Tumor-Promoter, Ant-Repellent, Antibacillus, Antilisteria, Antivulvitic, Bradycardic, Bronchomucolytic, Bronchomucotropic, Bronchorrheic, Ciliotoxic, Congestant, Convulsant, Decongestant?, Gastrosedative, Neurodepressant, Neuropathogenic, Nociceptive, Refrigerant, Vibriocide, Lipoxygenase-1-Inhibitor, Reverse-Transcriptase-Inhibitor, Methyl-Guanidine-Inhibitor, Nephroprotective, Acetyl-CoA-Carboxylase-Inhibitor, Antiamebic, Anticaries, Antigiardial, GTase-Inhibitor, Urokinase-Inhibitor",1,Clinical / human evidence,https://pubmed.ncbi.nlm.nih.gov/40647906/; http://purl.obolibrary.org/obo/CHEBI_749579; https://www.ncbi.nlm.nih.gov/books/5841938/; http://purl.obolibrary.org/obo/CHEBI_140160; https://clinicaltrials.gov/study/NCT05432856; https://dailymed.nlm.nih.gov/dailymed/drugInfo.cfm?setid=4731b85c-bbd5-fd26-e063-6394a90a6a73; https://www.ebi.ac.uk/chembl/compound_report_card/CHEMBL1201723/; https://pubmed.ncbi.nlm.nih.gov/19509199/ (+21 more),29,Unknown,No explicit flag found,No explicit flag found,,78,1,1,0,0,Selected because: high relevance; strong evidence base; 8 differentiating shared compound(s),Passed scientific triage gates,Metabolic & blood sugar support,Infusion,
Ginkgo biloba,Shortlist,73.5,81,"Indication Relevance ...... 35/35
Evidence Quality .......... 25/30
Compound Quality .......... 9.5/12
Mechanism Support ......... 1.5/8
Safety & Regulatory ....... 7/10
Novelty & Market .......... 3/5",High relevance,35,Direct human/clinical,28,1,25,9.5,1.5,7,3,Indication-centric discovery,1,Ginkgolides; ACETIC-ACID; GAMMA-AMINOBUTYRIC-ACID; APIGENIN; BILOBETIN; BUTYRIC-ACID; CAPRYLIC-ACID; CARDOL,8,,0,Ginkgolides; ACETIC-ACID; GAMMA-AMINOBUTYRIC-ACID; APIGENIN; BILOBETIN; BUTYRIC-ACID; CAPRYLIC-ACID; CARDOL,"Neurovascular pathways, Platelet activating factor, Acidulant, Antibacterial, Antiotitic, Antisalmonella, Antivaginitic, Expectorant, Fungicide, Keratitigenic, Mucolytic, Osteolytic, Perfumery, Pesticide, Protisticide, Spermicide, Ulcerogenic, Verrucolytic, Analeptic, Anticephalagic, Anticerebrotic, Antichoreic, Anticonvulsant, Antihypertensive, Antiinsomnic, Antilethargic, Antistress, Antitinnitic, Anxiolytic, CNS-Inhibitor, Cardiovascular, Diuretic, Hypotensive, Neuroinhibitor, Neurotoxic, Neurotransmitter, Sedative, Tranquilizer, 11B-HSD-Inhibitor, AntiADD, AntiHIV, Antiaflatoxin, Antiaggregant, Antiaging, Antiallergic, Antiangiogenic, Antiarrhythmic, Anticancer (Lung), Anticomplementary, Antidermatitic, Antiestrogenic, Antiherpetic, Antihistaminic, Antiinflammatory, Antileukemic, Antimelanomic, Antimetastatic, Antimutagenic, Antioxidant, Antiperistaltic, Antiproliferant, Antispasmodic, Antithyroid, Antitumor, Antitumor (Breast), Antitumor (Lung), Antitumor (Skin), Antiviral, Apoptotic, Aromatase-Inhibitor, Beta-Glucuronidase-Inhibitor, CNS-Depressant, COX-1-Inhibitor, COX-2-Inhibitor, Calcium-Antagonist?, Cancer-Preventive, Choleretic, Cyclooxygenase-Inhibitor, Cytochrome-P450-1A1-Inhibitor, Cytotoxic, DNA-Protective, Deiodinase-Inhibitor, Differentiator, Estrogenic, HIF-1alpha-Inhibitor, Hyaluronidase-Inhibitor, ICAM-1-Inhibitor, IKK-Inhibitor, Inotropic, Interleukin-6-Inhibitor, MAO-Inhibitor, MAPK-Inhibitor, Musculotropic, Mutagenic, Myorelaxant, NADH-Oxidase-Inhibitor, NF-kB-Inhibitor, NO-Synthase-Inhibitor, Nodulation-Signal, Ornithine-Decarboxylase-Inhibitor, P21-Inducer, PKC-Inhibitor, PTK-Inhibitor, Polyamine-Synthesis-Inhibitor, Progestational, Protein-Kinase-C-Inhibitor, Quinone-Reductase-Inducer, Radioprotective, Sunscreen, TNF-alpha-Inhibitor, Topoisomerase-I-Inhibitor, Topoisomerase-II-Inhibitor, Uterotrophic, VEGF-Inhibitor, Vasodilator, Xanthine-Oxidase-Inhibitor, iNOS-Inhibitor, AntiEBV, Anticancer, Bruchifuge, Nematistat, Antiseptic, Candidicide, Irritant, Antifilarial, Molluscicide, Allergenic, Alpha-Amylase-Inhibitor, Antiaphthic, Antiatherosclerotic, Anticalculic, Anticoagulant, Antileishmanic, Antioxidant Synergist, Antiseborrheic, Antitubercular, Disinfectant, FLavor, Hemostat, Laxative?, Litholytic, Mycobactericide, Odontolytic, Refrigerant, Antianoxic, Antipeptic, Antitumor-Promoter?, Antiulcer, Calcium-Antagonist, Hepatoprotective, Neurogenic, 5-Lipoxygenase-Inhibitor, Aldose-Reductase-Inhibitor, Antifertility, Antigingivitic, Antiimplantation, Antilymphocytic, Antiperiodontic, Antiplaque, Antiradicular, Antiserotonin, Antistaphylococcic, Antitumor-Promoter, Carcinogenic, Copper-Chelator, Diaphoretic?, HIV-RT-Inhibitor, Iodothyronine-Deiodinase-Inhibitor, JNK-Inhibitor, Lipoxygenase-Inhibitor, NO-Inhibitor, Natriuretic, Neuroprotective, PAF-Inhibitor, Teratologic, Tyrosinase-Inhibitor, cAMP-Phosphodiesterase-Inhibitor, Antiatherogenic, Anticarcinogenic, Anticarcinomic, Anticataract, Antidermatic, Antifeedant, Antilymphomic, Antinociceptive, Antipolio, Antitumor (Colon), Antitumor (Kidney), Antitumor (Ovary), Antitumor (Pancreas), Antitumor (Stomach), Antitumor (Thyroid), Antitumor (brain), Antitussive, Aphidifuge, Chemopreventive, Hypocholesterolemic, MMP-9-Inhibitor, Metalloproteinase-Inhibitor, NEP-Inhibitor, Proliferant, Prostaglandin-Synthetase-Inhibitor, Succinoxidase-Inhibitor, Antibiotic, Antiedemic, Antiexudative, Capillariprotective, Antihepatotoxic, Antiophidic, Artemicide, Ovulant, Cardiotonic, Vasoconstrictor, ACE-Inhibitor, Antiacne, Antiprostaglandin, Antithrombotic, Aphicide?, Dermatitigenic, Nematicide, Schistosomicide, Emetic, Inflammatory, Laxative, Lithogenic, AntiHSV-1, Antibradykinic, Antibronchitic, Bronchodilator, Antiasthmatic, Antiischemic, Antinephrotoxic, Antimalarial, Plasmodicide, Antiperoxidant, Phosphodiesterase-Inhibitor, Immunostimulant, Antialcoholic, Antihypoxic, Cardioprotective, Antisickling, Fungistat, Immunosuppressant, Phytoalexin, Prostaglandigenic, Secretogogue, Ubiquiot, Anticancer (Liver), Anticancer (Skin), Colorant, Previtamin-A, Antialzheimeran, Anticirrhotic, Anticystinuric, Antidementia, Antidiabetic, Antidyskinetic, Antihomocysteine, Antimanic, Antisteatotic, Cardiodepressant, Cerebrotonic, Cholinergic, Ileorelaxant, Lipotropic, Memorigenic, Parasympathomimetic, Hypoglycemic, Acaricide, Antisyncopic, Astringent, Corrosive, Counterirritant, Fungitoxic, Preservative, Toxic, Triglycerolytic, Vesicant, Antianaphylactic, Antilipoperoxidant, Allelopathic, Anticlastogen, Antinitrosaminic, Prostaglandin-Synthesis-Inhibitor, Analgesic, Antiacetylcholinesterase, Antibacillary, Antiflu, Antirheumatalgic, Herbicide, Insectifuge, Trichomonicide, Beta-Adrenergic Receptor Blocker, Phagocytotic, Antihepatitic, Fatal, Antithyrotoxic, Bactericide, Anticariogenic, Cytochrome-P450-Inducer, P450-Inducer, Androgenic, Angiogenic, Anorexic, Antiadenomic, Antiandrogenic, Anticancer (Breast), Anticancer (Cervix), Antigonadotrophic, Antihyperlipoproteinaemic, Antiprogestational, Antiprostatadenomic, Antiprostatitic, Antipyretic, Antitumor (Cervix), Caspase-8-Inducer, Febrifuge, Gonadotrophic, Hypolipidemic, AntiCRP, Antielastase, Capillarigenic, Diaphoretic, Insectiphile, Antileukorrheic, Antixerotic, Keratolytic, Hypercholesterolemic, Antimaculitic, Antinyctalopic, Antiretinitic Optometry, Prooxidant, Retinoprotectant Optometry, Antifibromyalgic, Bacteristat, Bruchiphobe, Hemopoietic, Sialogogue, Alpha-Glucosidase-Inhibitor, AntiLegionella, Antimelanogenic, Antitumor (Mouth), Glutathione-Depleting, Hepatotoxic, Nephrotoxic, ATPase-Inhibitor, Aldehyde-Oxidase-Inhibitor, Allelochemic, AntiCrohn's, AntiGTF, AntiPMS, Antiarthritic, Anticarcinomic (Breast), Anticolitic, Anticystitic, Antidepressant, Antiencephalitic, Antiescherichic, Antifibrosarcomic, Antigastric, Antigonadotropic, Antihydrophobic, Antileukotriene, Antimyocarditic, Antipancreatitic, Antiperiodontal, Antipermeability, Antipharyngitic, Antiplasmodial, Antipodriac, Antiprostanoid, Antipsoriac, Antistreptococcic, Antithiamin, Antithrombic, Antitrypanosomic, Antitumor (Bladder), Bradycardiac, COMT-Inhibitor, Calmodulin-Antagonist, Catabolic, Cytochrome-P450-1A2-Inhibitor, Glucosyl-Transferase-Inhibitor, Hepatomagenic, Insulinogenic, Juvabional, Larvistat, MAO-A-Inhibitor, Mast-Cell-Stabilizer, Metal-Chelator (Copper), P450-Inhibitor, PGE2-Inhibitor, Phospholipase-Inhibitor, Tumorigenic, Tyrosine-Kinase-Inhibitor, Antihemorrhagic, Antipurpuric, Antithrombogenic, Cyclooxygenase-Activator, Detoxicant, Dye, Hepatotonic, Paralytic, Vasopressor, 5-HT-Inhibitor, AntiCVI, Antiapoplectic, Anticapillary-Fragility, Antierythemic, Antiglaucomic, Antihematuric, Antihemorrhoidal, Antinephritic, Antiplatelet, Antiprotozoal, Antisunburn, Antivaricose, Cytoprotective, Estrogenic?, Immunomodulator, Insecticide, Myoprotective, Oviposition-Stimulant, Additive, Anthelmintic, Antifatigue, Ascaricide, Anesthetic, Antiyeast, Uricosuric, Vulnerary, Antinecrotic, Antiendotoxic, Antimasticotic, Antishock, Antitachycardic, Anorectic?, Purgative, Rubefacient, Antidiarrheic, Antidysenteric, Antilipolytic, Antirenitic, Chelator, Psychotropic, Ancylostomicide, Ankylostomacide, Antialzheimeran?, Anticholinesterase, Antihalitosic, Antilepric, Antineuritic, Antioxidant (LDL), Antirheumatic, Antitrichinosic, Ataxigenic, Carminative, Culicide, Dentifrice, Deodorant, Enterorelaxant, Enterotoxic, Gastroirritant, Gram(+)icide, Gram(-)icide, Larvicide, Sprout-Inhibitor, Tracheorelaxant, Urinary-Antiseptic, Varroacide, Vermicide, Antiallergenic, COMP-Inhibitor, Oxidase-Inhibitor, Antigastritic, Antiobesity, Capillaritonic, Lipolytic, Antialopecic, Antiretinopathic, Antistroke, Collagenase-Inhibitor, Collagenic, Elastase-Inhibitor, Propecic, Vasorelaxant, Antihyperglycemic, Choline-Sparing, Lipoxygenase-1-Inhibitor, Pancreatogenic, Reverse-Transcriptase-Inhibitor, Antiamebic, Anticaries, Antigiardial, Peroxynitrite-Scavenger",1,Clinical / human evidence,https://doi.org/10.1002/14651858.cd001190.pub3; http://purl.obolibrary.org/obo/CHEBI_136909; https://doi.org/10.1001/jama.2010.434; https://doi.org/10.1016/j.jalz.2006.05.1251; https://doi.org/10.1001/jama.2010.435; https://pubmed.ncbi.nlm.nih.gov/29502274/; https://dailymed.nlm.nih.gov/dailymed/drugInfo.cfm?setid=c0c8d350-0257-4484-acd8-f852350173db; https://open.fda.gov/apis/drug/label/ (+20 more),28,Unknown,No explicit flag found,No explicit flag found,,78,1,1,0,0,Selected because: high relevance; strong evidence base; 8 differentiating shared compound(s),Passed scientific triage gates,Metabolic & blood sugar support,Infusion,
Citrus limon,Shortlist,73.5,81,"Indication Relevance ...... 35/35
Evidence Quality .......... 25/30
Compound Quality .......... 9.5/12
Mechanism Support ......... 1.5/8
Safety & Regulatory ....... 7/10
Novelty & Market .......... 3/5",High relevance,35,Direct human/clinical,27,1,25,9.5,1.5,7,3,Indication-centric discovery,1,BETA-BISABOLENE; CADINENE; CAFFEIC-ACID; CITRAL; P-COUMARIC-ACID; P-CYMENE; DECANOIC-ACID; DECANOL,8,,0,BETA-BISABOLENE; CADINENE; CAFFEIC-ACID; CITRAL; P-COUMARIC-ACID; P-CYMENE; DECANOIC-ACID; DECANOL,"Abortifacient, Antirhinoviral, Antiulcer, Antiviral, Perfumery, Stomachic, Antifeedant, FLavor, Pesticide, Aldose-Reductase-Inhibitor, Allergenic, Analgesic, AntiHIV, AntiLegionella, Antiadenoviral, Antiaggregant, Antiaging, Antiatherogenic, Antibacterial, Anticancer, Anticarcinogenic, Antidepressant, Antiedemic, Antielastase, Antiescherichic, Antiflu, Antigonadotropic, Antihemolytic, Antihepatoadenomic, Antihepatotoxic, Antiherpetic, Antihistaminic, Antihypercholesterolemic, Antihyperthyroid, Antiinflammatory, Antileukemic, Antileukotriene, Antimelanogenic, Antimutagenic, Antinitrosaminic, Antiophidic, Antioxidant, Antiperoxidant, Antiproliferant, Antiprostaglandin, Antiradicular, Antiseptic, Antispasmodic, Antistaphylococcic, Antistomatitic, Antisunburn, Antithiamin, Antithyroid, Antitumor, Antitumor (Skin), Antitumor-Promoter, Antiulcerogenic, Antivaccinia, Anxiolytic, CNS-Active, COX-2-Inhibitor, Calcium-Antagonist, Cancer-Preventive, Carcinogenic, Chemopreventive, Cholagogue, Choleretic, Clastogenic, Co-carcinogenic, Collagen-Sparing, Cytoprotective, Cytotoxic, DNA-Active, DNA-Protective, Diuretic, Fungicide, Hepatocarcinogenic, Hepatoprotective, Hepatotropic, Histamine-Inhibitor, Immunostimulant, Insectifuge, Leukotriene-Inhibitor, Lipoxygenase-Inhibitor, Lyase-Inhibitor, Metal-Chelator, Ornithine-Decarboxylase-Inhibitor, Prooxidant, Prostaglandigenic, Sedative, Sunscreen, Tumorigenic, Vulnerary, Xanthine-Oxidase-Inhibitor, Antiallergenic, Antiallergic, Antianaphylactic, Antihelicobacter, Antileishmanic, Antishock, Antitumor (Colon), Antitumor (Liver), Apoptotic, Barbituate-Synergist, Bronchorelaxant, Caspase-3-Inducer, Estrogenic, Expectorant, Glaucomagenic, Glutathionigenic, Herbicide, Myorelaxant, NF-kB-Inhibitor, NO-Inhibitor, Nematicide, P450-2B1-Inhibitor, Prostatitigenic, Teratogenic, Trichomonicide, Trypanocide, Tyrosinase-Inhibitor, Allelopathic, Anticlastogen, Antifertility, Diaphoretic?, Prostaglandin-Synthesis-Inhibitor, Antiacetylcholinesterase, Antibacillary, Antirheumatalgic, Irritant, Laxative, Pheromone, Anthelmintic, Anticancer (Pancreas), Anticariogenic, Antimelanomic, Antisalmonella, Antitubercular, Antitumor (Pancreas), Ascaricide, CNS-Stimulant, Candidicide, Embryotoxic, Emetic, Insectiphile, Mycobactericide, Antiaflatoxin, Antialopecic, Anticonvulsant, Antileukodermic, Antimitotic, Antiplatelet, Antivitiligic, Bufocide, Cytochrome-P450-Inhibitor, DME-Inhibitor, Hepatotoxic, Lipolytic, Molluscicide, Piscicide, MAO-Inhibitor, Quinone-Reductase-Inducer, Vasodilator, Antiangiogenic, Anticarcinomic, Anticataract, Anticomplementary, Antidermatic, Antiestrogenic, Antilymphomic, Antinociceptive, Antipolio, Antitumor (Kidney), Antitumor (Lung), Antitumor (Ovary), Antitumor (Stomach), Antitumor (Thyroid), Antitumor (brain), Antitussive, Aphidifuge, Aromatase-Inhibitor, Beta-Glucuronidase-Inhibitor, Deiodinase-Inhibitor, Differentiator, Hyaluronidase-Inhibitor, Hypocholesterolemic, ICAM-1-Inhibitor, IKK-Inhibitor, Iodothyronine-Deiodinase-Inhibitor, MAPK-Inhibitor, MMP-9-Inhibitor, Metalloproteinase-Inhibitor, NEP-Inhibitor, PTK-Inhibitor, Proliferant, Prostaglandin-Synthetase-Inhibitor, Protein-Kinase-C-Inhibitor, Succinoxidase-Inhibitor, TNF-alpha-Inhibitor, Topoisomerase-I-Inhibitor, VEGF-Inhibitor, iNOS-Inhibitor, ACE-Inhibitor, Hypothermic, Dermal, Allelochemic, Antiacne, Antipneumonic, Coleoptophile, Insecticide, Spasmogenic, Tranquilizer, Transdermal, 11B-HSD-Inhibitor, 5-Lipoxygenase-Inhibitor, ATPase-Inhibitor, Aldehyde-Oxidase-Inhibitor, AntiCrohn's, AntiGTF, AntiPMS, Antialzheimeran, Antiarthritic, Antiasthmatic, Antiatherosclerotic, Anticarcinomic (Breast), Anticolitic, Anticystitic, Antidermatitic, Antidiabetic, Antiencephalitic, Antifibrosarcomic, Antigastric, Antihydrophobic, Antihypertensive, Antilipoperoxidant, Antimalarial, Antimetastatic, Antimyocarditic, Antipancreatitic, Antiperiodontal, Antiperistaltic, Antipermeability, Antipharyngitic, Antiplaque, Antiplasmodial, Antipodriac, Antiprostanoid, Antiprostatitic, Antipsoriac, Antistreptococcic, Antithrombic, Antitrypanosomic, Antitumor (Bladder), Antitumor (Breast), Bacteristat, Bradycardiac, COMT-Inhibitor, Calmodulin-Antagonist, Capillariprotective, Catabolic, Copper-Chelator, Cyclooxygenase-Inhibitor, Cytochrome-P450-1A2-Inhibitor, Glucosyl-Transferase-Inhibitor, HIV-RT-Inhibitor, Hemostat, Hepatomagenic, Hypoglycemic, Inotropic, Insulinogenic, Juvabional, Larvistat, MAO-A-Inhibitor, Mast-Cell-Stabilizer, Metal-Chelator (Copper), Mutagenic, NADH-Oxidase-Inhibitor, NO-Synthase-Inhibitor, Neuroprotective, P450-Inducer, P450-Inhibitor, PGE2-Inhibitor, Phospholipase-Inhibitor, Plasmodicide, Teratologic, Topoisomerase-II-Inhibitor, Tyrosine-Kinase-Inhibitor, cAMP-Phosphodiesterase-Inhibitor, 5-HT-Inhibitor, AntiCVI, Antiapoplectic, Anticapillary-Fragility, Antidementia, Antierythemic, Antiglaucomic, Antihematuric, Antihemorrhoidal, Antinephritic, Antiprotozoal, Antipurpuric, Antithrombogenic, Antivaricose, Estrogenic?, Hypotensive, Immunomodulator, Myoprotective, Oviposition-Stimulant, PAF-Inhibitor, Protisticide, Radioprotective, Vasopressor, Androgenic, Angiogenic, Anorexic, Antiadenomic, Antiandrogenic, Anticancer (Breast), Anticancer (Cervix), Anticancer (Lung), Antigonadotrophic, Antihyperlipoproteinaemic, Antiprogestational, Antiprostatadenomic, Antipyretic, Antitumor (Cervix), Artemicide, Caspase-8-Inducer, Febrifuge, Gonadotrophic, Hypolipidemic, Spermicide, Ubiquiot, Ulcerogenic, Cardiovascular, Hypertensive, Oxytocic, Vasoconstrictor, Acaricide, Deodorant, Adrenergic, Neurotoxic, Sympathomimetic, Colorant, Antiproliferative, Vibriocide, Antigliomic, Antimaculitic, Antinyctalopic, Antiretinitic Optometry, Retinoprotectant Optometry, Bacteriostatic, Renoirritant, Cicatrizant, Interleukin-6-Inhibitor, Mosquitofuge, Motor-Depressant, Termiticide, Acidulant, Antiotitic, Antivaginitic, Keratitigenic, Mucolytic, Osteolytic, Verrucolytic, Alpha-Amylase-Inhibitor, Antiaphthic, Anticalculic, Anticoagulant, Antioxidant Synergist, Antiseborrheic, Disinfectant, Laxative?, Litholytic, Odontolytic, Refrigerant, Antiarrhythmic, Anticancer (Colon), Anticancer (Forestomach), Anticancer (Liver), Anticancer (Skin), Antidysmenorrheic, Antineoplastic, Antiserotonin, Antitumor (Forestomach), Arteriodilator, Cardiac, Hydrocholerectic, Phagocytotic, Preservative, Uterosedative, Antiappetant, Antilipogenic, Demulcent, Antiperoxynitrite, Cardiotonic, Emmenagogue, Lactagogue, Oxytocic?, Systolic-Depressant, Anticataleptic, Antiuricosuric, Hyperglycemic, Uricosuric, Osteoblastogenic, PPAR-Gamma-Antagonist, (+)-Inotropic, Adenosine-Antagonist, Analeptic, Analgesic-Synergist, Antiapneic, Antiapoptotic, Antiemetic, Antihypotensive, Antinarcotic, Antiobesity, Antirhinitic, Antiserotonergic, Arrhythmigenic, Coronary-Dilator, Energizer, Ergotamine-Enhancer, Lypolytic, Phosphodiesterase-Inhibitor, Pyrogenic, Respirastimulant, Stimulant, Tachycardic, cGMP-Phosphodiesterase-Inhibitor, Antidiuretic, Antiendotoxic, Antiinsomniac, Antilipolytic, Antitachycardic, Glucogonogenic, Insulinic, Secretomotor, Antiapertif, Antijet-lag, CNS-Depressant, Phototoxic, (-)-Chronotropic, (-)-Inotropic, Anesthetic, Antibronchitic, Anticatarrh, Anticholinesterase, Antifatigue, Antihalitosic, Antilaryngitic, Antirheumatic, Antisinusitic, Convulsant, Counterirritant, Cytochrome-P450-Inducer, Decongestant, Degranulant, Dentifrice, Edemagenic, Gastroprotective, Gram(+)icide, Gram(-)icide, Hepatotonic, Inflammatory, Pediculicide, Perfume, Rubefacient, Secretogogue, Surfactant, Testosterone-Hydroxylase-Inducer, Mutagenic?, Anticytotoxic, Antimetrorrhagic, Antithromboxane, MDR-Inhibitor, Venoprotective, Venotonic, Nephrotoxic, AntiEBV, Antiyeast, Spasmolytic, Anti-LDL, AntiDNA, AntiRNA, Antibradykinic, Antitriglyceride, ProHLDL, Cytotoxic (Breast), Cytotoxic (Colon), Anticancer (Gastric), Antitumor (Gastric), Antineuropathic, Cholinergic, Fungistat, Immunosuppressant, Antiimplantation, Antiischemic, Antiretinopathic, Antiadrenergic, Antibronchoconstrictor, Anticholinergic, Antileukotrienogenic, Musculotropic, Phytoalexin, Phytohormonal, Adaptogenic, Antistress, Neurotropic, Tonic, Antilymphocytic, ERK-1-Inhibitor, ERK-2-Inhibitor, Ancylostomicide, Ankylostomacide, Antialzheimeran?, Antilepric, Antineuritic, Antioxidant (LDL), Antiperiodontic, Antitrichinosic, Ataxigenic, Carminative, Culicide, Dermatitigenic, Enterorelaxant, Enterotoxic, Gastroirritant, Larvicide, Sprout-Inhibitor, Tracheorelaxant, Urinary-Antiseptic, Varroacide, Vermicide, Photoactive, Anticancer (Prostate), Cyclin-B1-Inhibitor, Cyclin-D1-Inhibitor, Antiamnesic, Antiamyloid-Beta, Antifibrotic, Antiperoxidative, Antisindhis, Decarboxylase-Inhibitor, Serotonin-Inhibitor, Uterotrophic, Antiprostatotic, Ovulant, Allergenic?, Antilithic?, Hypocholesterolemic?, Candidistat, Antionychyotic, Mosquitocide, Termitifuge, AChE-Inhibitor, Antiesophagitic, Antilithic, Antimetastatic (Stomach), Antitumor (Prostate), Bronchoprotectant, Cholesterolytic, Detoxicant, Enterocontractant, Fungiphilic, GST-Inducer, Histaminic, NO-Genic, Ozone-Scavenger, Peristaltic, Photosensitizer, Anticolic, Antiglutamaergic, Antimange, Antimite, GABA-nergic, Hypnotic, Tumor-Promoter",1,Clinical / human evidence,https://www.ebi.ac.uk/chembl/compound_report_card/CHEMBL2108420/; https://clinicaltrials.gov/study/NCT00097253; http://purl.obolibrary.org/obo/CHEBI_753392; https://dailymed.nlm.nih.gov/dailymed/drugInfo.cfm?setid=2090a341-f3a7-405c-bc72-18452a2163c1; https://www.ncbi.nlm.nih.gov/books/5711714/; https://doi.org/10.1155/2016/7965689; https://pubmed.ncbi.nlm.nih.gov/40678580/; https://doi.org/10.48048/tis.2025.10453 (+19 more),27,Unknown,No explicit flag found,No explicit flag found,,78,1,1,0,0,Selected because: high relevance; strong evidence base; 8 differentiating shared compound(s),Passed scientific triage gates,Metabolic & blood sugar support,Infusion,
Lavandula angustifolia,Shortlist,73.5,81,"Indication Relevance ...... 35/35
Evidence Quality .......... 25/30
Compound Quality .......... 9.5/12
Mechanism Support ......... 1.5/8
Safety & Regulatory ....... 7/10
Novelty & Market .......... 3/5",High relevance,35,Direct human/clinical,25,1,25,9.5,1.5,7,3,Indication-centric discovery,1,"Linalool; BUTYRIC-ACID; DELTA-CADINENE; DELTA-3-CARENE; CEDRENE; 1,8-CINEOLE; CITRONELLOL; COUMARIN",8,,0,"Linalool; BUTYRIC-ACID; DELTA-CADINENE; DELTA-3-CARENE; CEDRENE; 1,8-CINEOLE; CITRONELLOL; COUMARIN","GABAergic system, glutamate system, calcium channels, Anticancer, Antitumor, Apoptotic, Bruchifuge, Nematistat, Pesticide, Aldose-Reductase-Inhibitor, Antiacne, Antibacterial, Anticariogenic, Antistreptococcic, Cytochrome-P450-Inducer, P450-Inducer, Testosterone-Inducer, Allergenic?, Antiinflammatory, Dermatitigenic, FLavor, Insectifuge, Irritant, Cancer-Preventive, (-)-Chronotropic, (-)-Inotropic, Acaricide, Allelopathic, Allergenic, Anesthetic, Anthelmintic, Antiacetylcholinesterase, Antiallergic, Antibronchitic, Anticatarrh, Anticholinesterase, Antifatigue, Antihalitosic, Antilaryngitic, Antinociceptive, Antipharyngitic, Antiplaque, Antirheumatic, Antirhinitic, Antiseptic, Antisinusitic, Antispasmodic, Antistaphylococcic, Antitussive, Antiulcer, CNS-Stimulant, Candidicide, Carcinogenic, Choleretic, Convulsant, Counterirritant, Decongestant, Degranulant, Dentifrice, Edemagenic, Expectorant, Fungicide, Gastroprotective, Gram(+)icide, Gram(-)icide, Hepatotonic, Herbicide, Hypotensive, Inflammatory, Myorelaxant, Nematicide, Neurotoxic, Pediculicide, Perfume, Rubefacient, Secretogogue, Sedative, Spasmogenic, Surfactant, Testosterone-Hydroxylase-Inducer, Transdermal, Trichomonicide, Perfumery, Allelochemic, Analgesic, Antiaggregant, Antiandrogenic, Antibrucellosic, Anticancer (Kidney), Anticancer (Prostate), Antidiuretic, Antiedemic, Antiesherichic, Antilymphedemic, Antimelanomic, Antimetastatic, Antimitotic, Antimononuccleotic, Antimutagenic, Antimycoplasmotic, Antipsittacotic, Antipsoriac, Antitoxoplasmotic, Antitumor (GI), Antitumor (Kidney), Antitumor (Prostate), Bacteristat, Bruchiphobe, Cardiodepressant, Cardiotonic, Chemopreventive, DME-Inhibitor, Emetic, Estrogenic, Hemorrhagic, Hepatotoxic, Hypnotic, Hypoglycemic, Immunostimulant, Juvabional, Larvistat, Lymphocytogenic, Lymphokinetic, Narcotic, Ovicide, Phagocytotic, Piscicide, Respirodepressant, Rodenticide, Larvicide, Tyrosinase-Inhibitor, Ulcerogenic, AntiEBV, Antiaflatoxin, Antitumor (Colon), Antitumor (Skin), Antiviral, Antiyeast, Glutathionigenic, Spasmolytic, Anticancer (Pancreas), Antisalmonella, Antitubercular, Antitumor (Pancreas), Ascaricide, Embryotoxic, Insectiphile, Mycobactericide, Cholagogue, Hepatoprotective, Photoactive, AntiHIV, Antiangiogenic, Antiatherogenic, Anticarcinogenic, Anticarcinomic, Anticataract, Anticomplementary, Antidermatic, Antiestrogenic, Antifeedant, Antiherpetic, Antihistaminic, Antileukemic, Antilymphomic, Antioxidant, Antipolio, Antiproliferant, Antitumor (Lung), Antitumor (Ovary), Antitumor (Stomach), Antitumor (Thyroid), Antitumor (brain), Aphidifuge, Aromatase-Inhibitor, Beta-Glucuronidase-Inhibitor, Calcium-Antagonist, Cytotoxic, Deiodinase-Inhibitor, Differentiator, Diuretic, Hyaluronidase-Inhibitor, Hypocholesterolemic, ICAM-1-Inhibitor, IKK-Inhibitor, Iodothyronine-Deiodinase-Inhibitor, Lipoxygenase-Inhibitor, MAPK-Inhibitor, MMP-9-Inhibitor, Metalloproteinase-Inhibitor, NEP-Inhibitor, NF-kB-Inhibitor, NO-Inhibitor, PTK-Inhibitor, Proliferant, Prostaglandin-Synthetase-Inhibitor, Protein-Kinase-C-Inhibitor, Succinoxidase-Inhibitor, TNF-alpha-Inhibitor, Topoisomerase-I-Inhibitor, VEGF-Inhibitor, Vasodilator, Xanthine-Oxidase-Inhibitor, iNOS-Inhibitor, ACE-Inhibitor, Anticonvulsant, Antinitrosaminic, Hypothermic, P450-2B1-Inhibitor, Antiflu, Antipneumonic, Coleoptophile, Insecticide, Tranquilizer, Antidiarrheic, Antidysenteric, Antihepatotoxic, Antihypertensive, Antilipolytic, Antinephritic, Antiophidic, Antiradicular, Antirenitic, Antitumor-Promoter, Chelator, Cyclooxygenase-Inhibitor, Glucosyl-Transferase-Inhibitor, Immunosuppressant, MAO-Inhibitor, Ornithine-Decarboxylase-Inhibitor, Psychotropic, AntiTGF-beta, Antialzheimeran, Antiarrhythmic, Antiarthritic, Anticancer (Colon), Anticholestatic, Anticomplement, Antidiabetic, Antiescherichic, Antifibrosarcomic, Antihyperlipidemic, Antileishmanic, Antimalarial, Antiobesity?, Antiperoxidant, Antiplasmodial, Antiproliferative, Antithromboxane, Antitrypanosomic, Antitumor (Breast), Antitumor (Cervix), Beta-Blocker, CNS-Depressant, COX-2-Inhibitor, Cardioprotective, Elastase-Inhibitor, Immunomodulator, Leucocytogenic, Potassium-Sparing, Protease-Inhibitor, Protisticide, Quinone-Reductase-Inducer, Sodium-Sparing, TOPO-2-Inhibitor, Trypanocide, Vasopressor, Pheromone, Antihelicobacter, Antihysteric, Antiinsomniac, Antiprostaglandin, Sunscreen, Termiticide, ABeta-Inhibitor, Adenylate-Cyclase-Inhibitor, Antianaphylactic, Antiatherosclerotic, Anticoagulant, Antidepressant, Antigonadotropic, Antihemolytic, Antihyperthyroid, Antiintegrase, Antileukotriene, Antilipoperoxidant, Antioxidant (LDL), Antiproteolytic, Antipulmonotic, Antishock, Antithyreotropic, Antithyroid, Antiuremic, Anxiolytic, COX-1-Inhibitor, Neuroprotective, Radioprotective, Antiprostatotic, Antiacetylcholine, Antiotitic, Antipyretic, CNS-Toxic, Inhalant, Insect-Repellent, Antilithic?, Hypocholesterolemic?, Antiemetic, Antifibrositic, Antineuralgic, Antipruritic, Carminative, Cosmetic, Deliriant, Ecbolic, Epileptigenic, Occuloirritant, Respirainhibitor, Respirastimulant, Stimulant, Verrucolytic, Vibriocide, Antiasthmatic, Antidermatitic, Antionychyotic, Mosquitocide, Termitifuge, AChE-Inhibitor, Antiadenomic, Antialzheimeran?, Antiesophagitic, Antilithic, Antimetastatic (Stomach), Antiobesity, Bronchoprotectant, Candidistat, Cholesterolytic, Detoxicant, Enterocontractant, Fungiphilic, Fungistat, GST-Inducer, Histaminic, Interleukin-6-Inhibitor, Lipolytic, NO-Genic, Ozone-Scavenger, Peristaltic, Photosensitizer, Anticolic, Antiglutamaergic, Antimange, Antimite, Barbituate-Synergist, Bronchorelaxant, Culicide, GABA-nergic, Mosquitofuge, Motor-Depressant, Prooxidant, Tumor-Promoter",1,Clinical / human evidence,https://clinicaltrials.gov/study/NCT05446662; https://clinicaltrials.gov/study/NCT06603896; http://purl.obolibrary.org/obo/CHEBI_753213; https://pubmed.ncbi.nlm.nih.gov/39032323/; https://www.ebi.ac.uk/chembl/compound_report_card/CHEMBL2108210/; https://dailymed.nlm.nih.gov/dailymed/drugInfo.cfm?setid=a6c0d445-f719-4509-95fb-50cd2f340f74; https://dailymed.nlm.nih.gov/dailymed/drugInfo.cfm?setid=dc6acacb-d034-4408-a6ff-b4b30cc6b9ff; https://dailymed.nlm.nih.gov/dailymed/drugInfo.cfm?setid=bc65135b-9dff-4e54-a888-81b00d62ec3f (+17 more),25,Unknown,No explicit flag found,No explicit flag found,,63,1,1,0,0,Selected because: high relevance; strong evidence base; 8 differentiating shared compound(s),Passed scientific triage gates,Metabolic & blood sugar support,Infusion,
Piper methysticum,Shortlist,78.5,81,"Indication Relevance ...... 35/35
Evidence Quality .......... 25/30
Compound Quality .......... 9.5/12
Mechanism Support ......... 1.5/8
Safety & Regulatory ....... 7/10
Novelty & Market .......... 3/5",High relevance,35,Direct human/clinical,25,1,25,9.5,1.5,7,3,Indication-centric discovery,1,Kavalactones; flavokawain B; CINNAMIC-ACID; DIHYDROKAWAIN; METHYSTICIN; BENZOIC-ACID; DIHYDROMETHYSTICIN,7,BETA-SITOSTEROL,1,Kavalactones; flavokawain B; CINNAMIC-ACID; DIHYDROKAWAIN; METHYSTICIN; BENZOIC-ACID; BETA-SITOSTEROL; DIHYDROMETHYSTICIN,"GABAergic system, sodium channels, monoamine oxidase, Aldose-Reductase-Inhibitor, Allergenic, Anesthetic, Antibacterial, Antiinflammatory, Antimutagenic, Antispasmodic, Cancer-Preventive, Choleretic, Dermatitigenic, FLavor, Fungicide, Herbicide, Laxative, Lipoxygenase-Inhibitor, Pesticide, Tyrosinase-Inhibitor, Vermifuge, Analgesic, Anticonvulsant, Antidote (Strychnine), Antinociceptive, Antipyretic, Endoanesthetic, Fungistat, MAO-B-Inhibitor, Myorelaxant, Neuroprotective, Sedative, Antifibrillary, Antiischemic, CNS-Depressant, Neurotoxic, Psychoactive, Antiotitic, Antisalmonella, Antiseptic, Antiyeast, Expectorant, Insectifuge, Phytoalexin, Uricosuric, Vulnerary, Androgenic, Angiogenic, Anorexic, Antiadenomic, Antiandrogenic, Anticancer (Breast), Anticancer (Cervix), Anticancer (Lung), Antiedemic, Antiestrogenic, Antifeedant, Antifertility, Antigonadotrophic, Antihyperlipoproteinaemic, Antileukemic, Antilymphomic, Antiophidic, Antioxidant, Antiprogestational, Antiprostaglandin, Antiprostatadenomic, Antiprostatitic, Antitumor (Breast), Antitumor (Cervix), Antitumor (Lung), Antiviral, Apoptotic, Artemicide, Candidicide, Caspase-8-Inducer, Estrogenic, Febrifuge, Gonadotrophic, Hepatoprotective, Hypocholesterolemic, Hypoglycemic, Hypolipidemic, Spermicide, Ubiquiot, Ulcerogenic, Antiepileptic, Antiaggregant, Antiarachidonate, Antimycotic, Antithrombotic, Antithromboxane, Anxiolytic, Cyclooxygenase-Inhibitor, Tranquilizer, Amebicide, Antiplatelet, Antiulcer, Antihepatotoxic, Ovulant, COX-1-Inhibitor, COX-2-Inhibitor, Acaricide, CNS-Paralytic, Fatal, Hemostatic, Irritant, Renotoxic, Varroacide, Aromatase-Inhibitor, Antirheumatic",1,Clinical / human evidence,https://dailymed.nlm.nih.gov/dailymed/drugInfo.cfm?setid=1e11f655-374c-59ac-e054-00144ff8d46c; https://dailymed.nlm.nih.gov/dailymed/drugInfo.cfm?setid=6398c061-e20f-4a98-8978-ddb15039e9e6; https://doi.org/10.1079/cabicompendium.41372; https://pubmed.ncbi.nlm.nih.gov/34708126/; https://pubmed.ncbi.nlm.nih.gov/39010683/; https://pubmed.ncbi.nlm.nih.gov/40497110/; https://doi.org/10.1155/2021/6851798; https://doi.org/10.17348/era.2.0.19-28 (+17 more),25,Compatible,No explicit flag found,No explicit flag found,,55,1,1,0,0,Selected because: high relevance; strong evidence base; 7 differentiating shared compound(s),Passed scientific triage gates,Metabolic & blood sugar support,Infusion,
Humulus lupulus,Shortlist,73.5,81,"Indication Relevance ...... 35/35
Evidence Quality .......... 25/30
Compound Quality .......... 9.5/12
Mechanism Support ......... 1.5/8
Safety & Regulatory ....... 7/10
Novelty & Market .......... 3/5",High relevance,35,Direct human/clinical,22,1,25,9.5,1.5,7,3,Indication-centric discovery,1,Xanthohumol; dihydroxanthohumol; oxygenated xanthohumol; xanthohumol B; xanthohumol D; ADHUMULONE; DELTA-CADINENE,7,,0,Xanthohumol; dihydroxanthohumol; oxygenated xanthohumol; xanthohumol B; xanthohumol D; ADHUMULONE; DELTA-CADINENE,"NF-kB, Nrf2, estrogen receptors, Antiseptic, Pesticide, Aldose-Reductase-Inhibitor, Antiacne, Antibacterial, Anticariogenic, Antistreptococcic, Cytochrome-P450-Inducer, P450-Inducer, Testosterone-Inducer, Acaricide, Antimite, Allergenic, Analgesic, AntiHIV, AntiLegionella, Antiadenoviral, Antiaggregant, Antiaging, Antiatherogenic, Anticancer, Anticarcinogenic, Antidepressant, Antiedemic, Antielastase, Antiescherichic, Antiflu, Antigonadotropic, Antihemolytic, Antihepatoadenomic, Antihepatotoxic, Antiherpetic, Antihistaminic, Antihypercholesterolemic, Antihyperthyroid, Antiinflammatory, Antileukemic, Antileukotriene, Antimelanogenic, Antimutagenic, Antinitrosaminic, Antiophidic, Antioxidant, Antiperoxidant, Antiproliferant, Antiprostaglandin, Antiradicular, Antispasmodic, Antistaphylococcic, Antistomatitic, Antisunburn, Antithiamin, Antithyroid, Antitumor, Antitumor (Skin), Antitumor-Promoter, Antiulcerogenic, Antivaccinia, Antiviral, Anxiolytic, CNS-Active, COX-2-Inhibitor, Calcium-Antagonist, Cancer-Preventive, Carcinogenic, Chemopreventive, Cholagogue, Choleretic, Clastogenic, Co-carcinogenic, Collagen-Sparing, Cytoprotective, Cytotoxic, DNA-Active, DNA-Protective, Diuretic, Fungicide, Hepatocarcinogenic, Hepatoprotective, Hepatotropic, Histamine-Inhibitor, Immunostimulant, Insectifuge, Leukotriene-Inhibitor, Lipoxygenase-Inhibitor, Lyase-Inhibitor, Metal-Chelator, Ornithine-Decarboxylase-Inhibitor, Prooxidant, Prostaglandigenic, Sedative, Sunscreen, Tumorigenic, Vulnerary, Xanthine-Oxidase-Inhibitor, Anticonvulsant, Antiepileptic, Antihepatometabolic, Antifeedant, Attifuge, Fungistat, Larvicide, Antialzheimeran, Antichoreic, Anticirrhotic, Anticystinuric, Antidementia, Antidiabetic, Antidyskinetic, Antihomocysteine, Antimanic, Antinociceptive, Antisteatotic, Cardiodepressant, Cerebrotonic, Cholinergic, Hypotensive, Ileorelaxant, Lipotropic, Memorigenic, Parasympathomimetic, Antiallergenic, Antiallergic, Antianaphylactic, Antihelicobacter, Antileishmanic, Antishock, Antitumor (Colon), Antitumor (Liver), Antiulcer, Apoptotic, Barbituate-Synergist, Bronchorelaxant, Caspase-3-Inducer, Estrogenic, Expectorant, FLavor, Glaucomagenic, Glutathionigenic, Herbicide, Myorelaxant, NF-kB-Inhibitor, NO-Inhibitor, Nematicide, P450-2B1-Inhibitor, Perfumery, Prostatitigenic, Teratogenic, Trichomonicide, Trypanocide, Tyrosinase-Inhibitor, Allelochemic, Metal-Chelator (Copper), Pigment, Antiacetylcholinesterase, Antibacillary, Antirheumatalgic, Irritant, Laxative, Coleoptophile, AntiEBV, Antianoxic, Antipeptic, Antisalmonella, Antitumor-Promoter?, CNS-Inhibitor, Neurogenic, Antiadenomic, Anticancer (Pancreas), Anticarcinomic (Colon), Anticarcinomic (Lung), Antimelanomic, Juvabional, Pheromonal, Allelopathic, Antiarrhythmic, Anticancer (Colon), Anticancer (Forestomach), Anticancer (Liver), Anticancer (Skin), Antidysmenorrheic, Antiestrogenic, Antimitotic, Antineoplastic, Antiserotonin, Antithrombic, Antitumor (Forestomach), Arteriodilator, Candidicide, Cardiac, Hydrocholerectic, Hypolipidemic, Phagocytotic, Preservative, Prostaglandin-Synthesis-Inhibitor, Uterosedative, Anesthetic, Anticystitic, Antiplantar, Mutagenic, Neoplastic, Scolicide, Antirheumatic, Anthelmintic, Antitubercular, Antitumor (Pancreas), Ascaricide, CNS-Stimulant, Embryotoxic, Emetic, Insectiphile, Mycobactericide, Pheromone, Anticapillary-Fragility, Antifibrinolytic, Antitrypanosomic, Molluscicide, Antimalarial, Antiplasmodial, ACE-Inhibitor, Capillarigenic, Diaphoretic, TNF-alpha-Inhibitor, Topoisomerase-II-Inhibitor, Aromatase-Inhibitor, 11B-HSD-Inhibitor, 5-Lipoxygenase-Inhibitor, Antiaflatoxin, Antifertility, Antigingivitic, Antiimplantation, Antilymphocytic, Antiperiodontic, Antiplaque, Copper-Chelator, Cyclooxygenase-Inhibitor, Diaphoretic?, HIV-RT-Inhibitor, ICAM-1-Inhibitor, Inotropic, Iodothyronine-Deiodinase-Inhibitor, JNK-Inhibitor, MAO-Inhibitor, Natriuretic, Neuroprotective, PAF-Inhibitor, Protisticide, Quinone-Reductase-Inducer, Teratologic, Topoisomerase-I-Inhibitor, Uterotrophic, Vasodilator, cAMP-Phosphodiesterase-Inhibitor, iNOS-Inhibitor, Anticoronary, Antidiarrheic, Chelator, Hypocholesterolemic, Alpha-Reductase-Inhibitor, AntiMS, AntiPMS, AntiRaynaud's, Antialcoholic, Antiarthritic, Antiasphyctic, Antiatherosclerotic, Antieczemic, Antimenorrhagic, Antiobesity, Antiprostatitic, Immunomodulator, Protease-Inhibitor, Antipneumonic, Insecticide, Spasmogenic, Tranquilizer, Transdermal, Antibiotic, Antierythemic, Antiexudative, Antigastritic, Beta-Adrenergic Receptor Blocker, Beta-Glucuronidase-Inhibitor, Capillariprotective, Capillaritonic, Collagenase-Inhibitor, Deodorant, Elastase-Inhibitor, Hyaluronidase-Inhibitor, Anticataract, Antihemorrhagic, Antipurpuric, Antithrombogenic, CNS-Depressant, Cardiotonic, Cyclooxygenase-Activator, Detoxicant, Dye, Hemostat, Hepatotonic, Hypoglycemic, MAO-A-Inhibitor, Paralytic, Vasopressor, 5-HT-Inhibitor, Aldehyde-Oxidase-Inhibitor, AntiCVI, Antiapoplectic, Anticlastogen, Antidermatitic, Antiglaucomic, Antihematuric, Antihemorrhoidal, Antihypertensive, Antimetastatic, Antinephritic, Antiplatelet, Antiprotozoal, Antivaricose, Catabolic, Estrogenic?, Hepatomagenic, Larvistat, Myoprotective, Oviposition-Stimulant, Radioprotective, Androgenic, Angiogenic, Anorexic, Antiandrogenic, Anticancer (Breast), Anticancer (Cervix), Anticancer (Lung), Antigonadotrophic, Antihyperlipoproteinaemic, Antilymphomic, Antiprogestational, Antiprostatadenomic, Antipyretic, Antitumor (Breast), Antitumor (Cervix), Antitumor (Lung), Artemicide, Caspase-8-Inducer, Febrifuge, Gonadotrophic, Spermicide, Ubiquiot, Ulcerogenic, Antigenotoxic, Antipolio, Autotoxic, Cardioprotective, Interferonogenic, NO-Genic, Sweetener, Anticolic, Antiglutamaergic, Antimange, Candidistat, Carminative, Culicide, GABA-nergic, Hypnotic, Hypothermic, Mosquitofuge, Motor-Depressant, Termitifuge, Tumor-Promoter, Analeptic, Anticephalagic, Anticerebrotic, Antiinsomnic, Antilethargic, Antistress, Antitinnitic, Cardiovascular, Neuroinhibitor, Neurotoxic, Neurotransmitter, Antiimpotence, Antimenopausal, Antivaginitic, Aphrodisiac, Abortifacient, AntiPGE2, AntiTGF-beta, Anticarcinomic, Anticomplement, Antihyperlipidemic, Antiischemic, Antisarcomic, Antitumor (Kidney), Beta-Blocker, Hypolipemic, Leucocytogenic, Piscicide, Uterotonic, Ovulant, Anticholestatic, Antifibrosarcomic, Antiobesity?, Antiproliferative, Antithromboxane, Antitumor (Ovary), Antitumor (Stomach), Antitumor (brain), MMP-9-Inhibitor, Potassium-Sparing, Sodium-Sparing, TOPO-2-Inhibitor, Narcotic, Anticoagulant, Anticomplementary, COX-1-Inhibitor, Dermatitigenic, Vasoconstrictor, AntiTNF, Antiarachidonate, Antikeratotic, Antinitrosating, Apifuge, Carcinogenic?, Cytochrome-P450-Inhibitor, Enterorelaxant, Termiticide, Trichomonistat, Trypsin-Enhancer, Varroacide, Vermifuge, Larvifuge, Cicatrizant, Interleukin-6-Inhibitor, Antienzymatic, Spinoconvulsant, Urate-Solvent, Antiasthmatic, Antionychyotic, Gastroprotective, Mosquitocide, Antiendotoxic, Antihepatitic, Antilipoperoxidant, Antiosteotic, Antiperiodontal, Antisclerodermic, Astringent, COMP-Inhibitor, Propecic, Anabolic, Antihyperglycemic, Choline-Sparing, Insulinogenic, Interleukin-1-alpha-Inhibitor, Interleukin-6-mRNA-Inhibitor, Pancreatogenic, Peroxynitrite-Scavenger, AChE-Inhibitor, Antialzheimeran?, Antiesophagitic, Antilithic, Antimetastatic (Stomach), Antitumor (Prostate), Bronchoprotectant, Cholesterolytic, Enterocontractant, Fungiphilic, GST-Inducer, Histaminic, Lipolytic, Ozone-Scavenger, Peristaltic, Photosensitizer, Lipoxygenase-1-Inhibitor, Reverse-Transcriptase-Inhibitor, Antigastric, Oxidase-Inhibitor, Tyrosine-Kinase-Inhibitor, ATPase-Inhibitor, AntiCrohn's, AntiGTF, Antiangiogenic, Anticarcinomic (Breast), Anticolitic, Antiencephalitic, Antihydrophobic, Antimyocarditic, Antipancreatitic, Antiperistaltic, Antipermeability, Antipharyngitic, Antipodriac, Antiprostanoid, Antipsoriac, Antitumor (Bladder), Bacteristat, Bradycardiac, COMT-Inhibitor, Calmodulin-Antagonist, Cytochrome-P450-1A2-Inhibitor, Deiodinase-Inhibitor, Differentiator, Glucosyl-Transferase-Inhibitor, Mast-Cell-Stabilizer, Metalloproteinase-Inhibitor, NADH-Oxidase-Inhibitor, NEP-Inhibitor, NO-Synthase-Inhibitor, P450-Inhibitor, PGE2-Inhibitor, PTK-Inhibitor, Phospholipase-Inhibitor, Plasmodicide, Proliferant, Protein-Kinase-C-Inhibitor, VEGF-Inhibitor, Antigastrotic",1,Clinical / human evidence,https://dailymed.nlm.nih.gov/dailymed/drugInfo.cfm?setid=f1592f5d-17b6-4a30-83bb-a34c6c2920f3; https://dailymed.nlm.nih.gov/dailymed/drugInfo.cfm?setid=090c291e-50c7-4497-84cf-2cc9bc4d8a35; https://dailymed.nlm.nih.gov/dailymed/drugInfo.cfm?setid=4096bbed-b752-4082-a07c-79fc497fb8cc; https://dailymed.nlm.nih.gov/dailymed/drugInfo.cfm?setid=c0f80b84-0dd5-416b-abdf-8a0412e0b40b; https://dailymed.nlm.nih.gov/dailymed/drugInfo.cfm?setid=141fb6b7-08d9-4b57-bafd-ba5c8f98914e; https://pubmed.ncbi.nlm.nih.gov/38645323/; https://doi.org/10.14310/horm.2002.1738; https://doi.org/10.3390/nu18071056 (+14 more),22,Unknown,No explicit flag found,No explicit flag found,,78,1,1,0,0,Selected because: high relevance; strong evidence base; 7 differentiating shared compound(s),Passed scientific triage gates,Metabolic & blood sugar support,Infusion,
Catharanthus roseus,Shortlist,73.5,81,"Indication Relevance ...... 35/35
Evidence Quality .......... 25/30
Compound Quality .......... 9.5/12
Mechanism Support ......... 1.5/8
Safety & Regulatory ....... 7/10
Novelty & Market .......... 3/5",High relevance,35,Direct human/clinical,18,1,25,9.5,1.5,7,3,Indication-centric discovery,1,ADENOSINE; AJMALICINE; AKUAMMICINE; ALSTONINE; CAROSINE; FURFURAL; MITRAPHYLLINE,7,,0,ADENOSINE; AJMALICINE; AKUAMMICINE; ALSTONINE; CAROSINE; CHOLINE; FURFURAL; MITRAPHYLLINE,"Analgesic, Antiaggregant, Antiarrhythmic, Antidiuretic, Antiendotoxic, Antihypertensive, Antiinsomniac, Antilipolytic, Antispasmodic, Antitachycardic, Anxiolytic, Arteriodilator, Glucogonogenic, Hypocholesterolemic, Hypoglycemic, Hypotensive, Immunomodulator, Insulinic, Laxative, Lipolytic, Myorelaxant, PAF-Inhibitor, Pyrogenic, Respirastimulant, Secretomotor, Sedative, Vasodilator, Adrenolytic, Antiadrenergic, CNS-Depressant, Cerebrocirculant, Circulotonic, Sympatholytic, Tranquilizer, Antiacetylcholinesterase, Gonadotrophic, Antiamebic, Antibacterial, Antineoplastic, Fungicide, Pesticide, Antipolio, Antiviral, Antialzheimeran, Antichoreic, Anticirrhotic, Anticystinuric, Antidementia, Antidiabetic, Antidyskinetic, Antihomocysteine, Antimanic, Antinociceptive, Antisteatotic, Cardiodepressant, Cerebrotonic, Cholinergic, Hepatoprotective, Ileorelaxant, Lipotropic, Memorigenic, Parasympathomimetic, Antiseptic, FLavor, Insecticide, Irritant, Anesthetic, Antileukemic, Immunostimulant, Myocontractant, Protisticide, Abortifacient, AntiHIV, AntiPGE2, AntiTGF-beta, Antiallergic, Antiatherosclerotic, Anticarcinomic, Anticariogenic, Anticomplement, Antiedemic, Antifertility, Antigingivitic, Antihepatotoxic, Antihyperlipidemic, Antiinflammatory, Antiischemic, Antileukotriene, Antimalarial, Antinephritic, Antioxidant, Antiperiodontic, Antiperoxidant, Antiplaque, Antiplasmodial, Antisarcomic, Antitumor, Antitumor (Breast), Antitumor (Colon), Antitumor (Kidney), Antitumor (Lung), Antitumor (Pancreas), Antiulcer, Aromatase-Inhibitor, Beta-Blocker, Beta-Glucuronidase-Inhibitor, COX-2-Inhibitor, Cancer-Preventive, Cardioprotective, Cardiotonic, Cyclooxygenase-Inhibitor, Diuretic, Elastase-Inhibitor, Hypolipemic, Leucocytogenic, NF-kB-Inhibitor, Phagocytotic, Piscicide, Prostaglandin-Synthesis-Inhibitor, Uterotonic, Vasopressor, 11B-HSD-Inhibitor, 5-Lipoxygenase-Inhibitor, ATPase-Inhibitor, Aldehyde-Oxidase-Inhibitor, Aldose-Reductase-Inhibitor, Allelochemic, Allergenic, AntiCrohn's, AntiGTF, AntiPMS, Antiaflatoxin, Antiaging, Antianaphylactic, Antiangiogenic, Antiarthritic, Antiasthmatic, Anticarcinomic (Breast), Anticataract, Anticolitic, Anticomplementary, Anticystitic, Antidepressant, Antidermatitic, Antielastase, Antiencephalitic, Antiescherichic, Antiestrogenic, Antifeedant, Antifibrosarcomic, Antiflu, Antigastric, Antigonadotropic, Antiherpetic, Antihistaminic, Antihydrophobic, Antileishmanic, Antilipoperoxidant, Antimelanomic, Antimetastatic, Antimutagenic, Antimyocarditic, Antinitrosaminic, Antipancreatitic, Antiperiodontal, Antiperistaltic, Antipermeability, Antipharyngitic, Antipodriac, Antiproliferant, Antiprostanoid, Antiprostatitic, Antipsoriac, Antiradicular, Antistreptococcic, Antithiamin, Antithrombic, Antitrypanosomic, Antitumor (Bladder), Antitumor (Ovary), Antitumor (Skin), Antitumor-Promoter, Apoptotic, Bacteristat, Bradycardiac, COMT-Inhibitor, Calmodulin-Antagonist, Candidicide, Capillariprotective, Carcinogenic, Catabolic, Copper-Chelator, Cytochrome-P450-1A2-Inhibitor, Cytotoxic, Deiodinase-Inhibitor, Diaphoretic?, Differentiator, Estrogenic, Glucosyl-Transferase-Inhibitor, HIV-RT-Inhibitor, Hemostat, Hepatomagenic, Inotropic, Insulinogenic, Juvabional, Larvistat, Lipoxygenase-Inhibitor, MAO-A-Inhibitor, MMP-9-Inhibitor, Mast-Cell-Stabilizer, Metal-Chelator (Copper), Metalloproteinase-Inhibitor, Mutagenic, NADH-Oxidase-Inhibitor, NEP-Inhibitor, NO-Inhibitor, NO-Synthase-Inhibitor, Neuroprotective, Ornithine-Decarboxylase-Inhibitor, P450-Inducer, P450-Inhibitor, PGE2-Inhibitor, PTK-Inhibitor, Phospholipase-Inhibitor, Plasmodicide, Proliferant, Protein-Kinase-C-Inhibitor, Quinone-Reductase-Inducer, TNF-alpha-Inhibitor, Teratologic, Topoisomerase-I-Inhibitor, Topoisomerase-II-Inhibitor, Tumorigenic, Tyrosinase-Inhibitor, Tyrosine-Kinase-Inhibitor, VEGF-Inhibitor, Xanthine-Oxidase-Inhibitor, cAMP-Phosphodiesterase-Inhibitor, iNOS-Inhibitor, AntiRaynaud's, Anticonvulsant, Antimigraine, Antipsychotic, Antipyretic, Antischizophrenic, Antistress, Bradycardic, Calcium-Antagonist, Catecholaminolytic, Hypothermic, MDR-Inhibitor, Peristaltic, Rodenticide, Serotoninolytic, Teratogenic, Ulcerogenic, Vasoconstrictor, Anthelmintic, Anticancer, Antidiarrheic, Antidysenteric, Antiophidic, Antirenitic, Chelator, Immunosuppressant, MAO-Inhibitor, Psychotropic, AntiEBV, Anticancer (Colon), Anticholestatic, Antilymphomic, Antiobesity?, Antiproliferative, Antistaphylococcic, Antithromboxane, Antitumor (Cervix), Antitumor (Stomach), Antitumor (brain), Choleretic, Potassium-Sparing, Protease-Inhibitor, Sodium-Sparing, TOPO-2-Inhibitor, Trypanocide, Androgenic, Angiogenic, Anorexic, Antiadenomic, Antiandrogenic, Anticancer (Breast), Anticancer (Cervix), Anticancer (Lung), Antigonadotrophic, Antihyperlipoproteinaemic, Antiprogestational, Antiprostaglandin, Antiprostatadenomic, Artemicide, Caspase-8-Inducer, Febrifuge, Hypolipidemic, Spermicide, Ubiquiot, Antiimplantation, Antilymphocytic, Antiserotonin, ICAM-1-Inhibitor, Iodothyronine-Deiodinase-Inhibitor, JNK-Inhibitor, Natriuretic, Uterotrophic, Pigment, Prooxidant, AntiHodgkin's, AntiKaposi's, Antimitotic, Thrombogenic, Antineuralgic, Neurotoxic, Adrenergic-Blocker, Antianginal, Antidopaminergic, Antidote, Antiketaminic, Antiparaesthesic, Anxiogenic, Aphrodisiac, CNS-Stimulant, Cardiovascular, Emetic, Hypertensive, Mydriatic, Respirodepressant, Respirostimulant, Rhinorreic, Sialogogue, Tremorigenic, Sympathicomimetic, Alpha-Glucosidase-Inhibitor, AntiLegionella, Anticlastogen, Antimelanogenic, Antitumor (Mouth), Antitussive, Chemopreventive, Glutathione-Depleting, Hepatotoxic, Nephrotoxic, Prostaglandigenic, Secretogogue, Antibacillus, Antihepatotic, Cathartic, Coronary-Dilator",1,Preclinical / mechanistic evidence,https://doi.org/10.1016/j.fitote.2007.06.008; http://purl.obolibrary.org/obo/CHEBI_28445; https://doi.org/10.1007/978-3-319-51620-2_17; https://pubmed.ncbi.nlm.nih.gov/41696140/; https://pubmed.ncbi.nlm.nih.gov/40676081/; https://doi.org/10.12659/msm.897981; http://purl.obolibrary.org/obo/CHEBI_3469; http://purl.obolibrary.org/obo/CHEBI_3472 (+10 more),18,Unknown,No explicit flag found,No explicit flag found,,78,1,1,0,0,Selected because: high relevance; strong evidence base; 7 differentiating shared compound(s),Passed scientific triage gates,Metabolic & blood sugar support,Infusion,
Berberis vulgaris,Shortlist,73.5,81,"Indication Relevance ...... 35/35
Evidence Quality .......... 25/30
Compound Quality .......... 9.5/12
Mechanism Support ......... 1.5/8
Safety & Regulatory ....... 7/10
Novelty & Market .......... 3/5",High relevance,35,Direct human/clinical,16,1,25,9.5,1.5,7,3,Indication-centric discovery,1,Berberine; BERBAMINE; CHELIDONIC-ACID; CITRIC-ACID; COLUMBAMINE; ISOTETRANDRINE; MAGNOFLORINE,7,KAEMPFEROL,1,Berberine; BERBAMINE; CHELIDONIC-ACID; CITRIC-ACID; COLUMBAMINE; ISOTETRANDRINE; KAEMPFEROL; MAGNOFLORINE,"AMPK, PPAR-gamma, Gut microbiota, Analgesic, Antiaggregant, Antialopecic, Antiarrhythmic, Antiarthritic, Antibacterial, Antidandruff, Antiflu, Antihistaminic, Antihypertensive, Antihypotensive, Antiinflammatory, Antiischemic, Antileukopenic, Antioxidant, Antipyretic, Antiradicular, Antiseptic, Antisilicotic, Antispasmodic, Antitubercular, Antitumor, Antiviral, Calcium-Antagonist, Cardioprotective, Choleretic, Curare, Cytotoxic, Hypotensive, Immunostimulant, Leucocytogenic, Lipoxygenase-Inhibitor, Pesticide, Plasmodicide, Protisticide, Vasodilator, Antiwart, Irritant, Allergenic, Alpha-Amylase-Inhibitor, Antiaphthic, Antiatherosclerotic, Anticalculic, Anticoagulant, Antileishmanic, Antimutagenic, Antioxidant Synergist, Antiseborrheic, Disinfectant, FLavor, Hemostat, Laxative?, Litholytic, Mycobactericide, Odontolytic, Refrigerant, Antimalarial, CNS-Depressant, Enterotonic, Anticarcinomic, Antiplasmodial, 11B-HSD-Inhibitor, 5-Lipoxygenase-Inhibitor, Aldose-Reductase-Inhibitor, Antiaflatoxin, Antiallergic, Anticancer, Antifertility, Antigingivitic, Antiherpetic, Antiimplantation, Antileukemic, Antilymphocytic, Antiperiodontic, Antiplaque, Antiserotonin, Antistaphylococcic, Antitumor-Promoter, Antiulcer, Apoptotic, Aromatase-Inhibitor, COX-2-Inhibitor, Cancer-Preventive, Carcinogenic, Copper-Chelator, Cyclooxygenase-Inhibitor, Diaphoretic?, Diuretic, Estrogenic, Fungicide, HIV-RT-Inhibitor, Hepatoprotective, ICAM-1-Inhibitor, Inotropic, Iodothyronine-Deiodinase-Inhibitor, JNK-Inhibitor, MAO-Inhibitor, Mutagenic, NO-Inhibitor, Natriuretic, Neuroprotective, PAF-Inhibitor, Quinone-Reductase-Inducer, TNF-alpha-Inhibitor, Teratologic, Topoisomerase-I-Inhibitor, Topoisomerase-II-Inhibitor, Tyrosinase-Inhibitor, Uterotrophic, cAMP-Phosphodiesterase-Inhibitor, iNOS-Inhibitor, Antineuromuscular, Curaroid, Paralytic, Toxic, Antifibromyalgic, Bacteristat, Bruchiphobe, Hemopoietic, Sialogogue, Anthelmintic, AntiHIV, Anticariogenic, Antidiarrheic, Antidysenteric, Antihepatotoxic, Antilipolytic, Antinephritic, Antiophidic, Antirenitic, Chelator, Glucosyl-Transferase-Inhibitor, Immunosuppressant, Ornithine-Decarboxylase-Inhibitor, Psychotropic, Xanthine-Oxidase-Inhibitor, Anticancer (Breast), Antitumor (Breast), Colorant, Membranomodulator, AntiLegionella, Antiadenoviral, Antiaging, Antiatherogenic, Anticarcinogenic, Antidepressant, Antiedemic, Antielastase, Antiescherichic, Antigonadotropic, Antihemolytic, Antihepatoadenomic, Antihypercholesterolemic, Antihyperthyroid, Antileukotriene, Antimelanogenic, Antinitrosaminic, Antiperoxidant, Antiproliferant, Antiprostaglandin, Antistomatitic, Antisunburn, Antithiamin, Antithyroid, Antitumor (Skin), Antiulcerogenic, Antivaccinia, Anxiolytic, CNS-Active, Chemopreventive, Cholagogue, Clastogenic, Co-carcinogenic, Collagen-Sparing, Cytoprotective, DNA-Active, DNA-Protective, Hepatocarcinogenic, Hepatotropic, Histamine-Inhibitor, Insectifuge, Leukotriene-Inhibitor, Lyase-Inhibitor, Metal-Chelator, Prooxidant, Prostaglandigenic, Sedative, Sunscreen, Tumorigenic, Vulnerary, Abortifacient, Antibiotic, Antiuterotic, Antivaginitic, Cardiodepressant, Convulsant, Hypertensive, Uterotonic, Vasoconstrictor, Antiphotooxidative, CNS-Stimulant, Uterocontractant, Antimaculitic, Antinyctalopic, Antiretinitic Optometry, Antitumor (Colon), Retinoprotectant Optometry, Ubiquiot, Antiperoxynitrite, Antiasthmatic?, Anticapillary-Fragility, Cosmetic, Dermatitigenic, Musculotropic, Myorelaxant, UV-Screen, (+)-Inotropic, Adrenolytic, Amebicide, Anesthetic, Antiacetylcholinesterase, Antiacne, Antiadrenergic, Antialzheimeran, Antiamnesic, Antiangiogenic, Antibacillus, Antichlamydial, Anticholecystitic, Anticholera, Anticirrhotic, Anticonjunctivitic, Anticonvulsant, Antiendotoxic, Antienterotoxic, Antiesherichic, Antigiardial, Antiglaucomic, Antigonorrhea, Antihepatomic, Antihepatotic, Antilipogenic, Antimitotic, Antimuscarinic, Antimyalgic, Antimycotic, Antineoplastic, Antiperistaltic, Antipharyngitic, Antipneumonic, Antisalmonella, Antisecretory, Antishigellic, Antispermigenic, Antistrep, Antisyphilitic, Antitrachomic, Antitrypanosomic, Antitumor (brain), Astringent, Bilirubinolytic, Candidicide, Cardiotonic, Carminative, Cholekinetic, Collyrium, Digestive, Emetic, Glaucomagenic, Hypocholesterolemic, Hypoglycemic, Lachrymatory, Larvicide, Lipase-Inhibitor, Mydriatic, Myocardiodepressant, Phototoxic, Prostaglandin-Synthesis-Inhibitor, RNA-Depressant, RT-Inhibitor, Respiradepressant, Stomachic, Trichomonicide, Trypanocide, Vagostimulant, Vermifuge, Vibriofuge, Allelochemic, AntiEBV, Anticancer (Colon), Anticancer (Forestomach), Anticancer (Liver), Anticancer (Skin), Antidiabetic, Antifeedant, Antigenotoxic, Antipolio, Antitumor (Forestomach), Antitumor (Liver), Autotoxic, Interferonogenic, Juvabional, Larvistat, NO-Genic, Oviposition-Stimulant, Sweetener, Pigment, Antidermatitic, Antinociceptive, Antitussive, Antiwrinkle, Capillarifortificant, Capillarigenic, Cyclooxygenase-Activator, Tissue-Thromboplastin-Inhibitor, cAMP-Inhibitor, Adrenocorticotrophic, Antialzheimeran?, Anticholinesterase, Antiinfarctal, ACE-Inhibitor, Diaphoretic, Insectiphile, 5-HT-Inhibitor, Aldehyde-Oxidase-Inhibitor, AntiCVI, Antiapoplectic, Anticataract, Anticlastogen, Antidementia, Antierythemic, Antihematuric, Antihemorrhoidal, Antimelanomic, Antimetastatic, Antiplatelet, Antiprotozoal, Antipurpuric, Antithrombogenic, Antivaricose, Capillariprotective, Catabolic, Estrogenic?, Hepatomagenic, Immunomodulator, Insecticide, Myoprotective, Radioprotective, Vasopressor, AntiTGF-beta, Anticholestatic, Anticomplement, Antifibrosarcomic, Antihyperlipidemic, Antilymphomic, Antiobesity?, Antiproliferative, Antithromboxane, Antitumor (Cervix), Antitumor (Lung), Antitumor (Ovary), Antitumor (Stomach), Beta-Blocker, Beta-Glucuronidase-Inhibitor, Elastase-Inhibitor, MMP-9-Inhibitor, Piscicide, Potassium-Sparing, Protease-Inhibitor, Sodium-Sparing, TOPO-2-Inhibitor, ATPase-Inhibitor, AntiCrohn's, AntiGTF, AntiPMS, Antianaphylactic, Antiasthmatic, Anticarcinomic (Breast), Anticolitic, Anticomplementary, Anticystitic, Antiencephalitic, Antiestrogenic, Antigastric, Antihydrophobic, Antilipoperoxidant, Antimyocarditic, Antipancreatitic, Antiperiodontal, Antipermeability, Antipodriac, Antiprostanoid, Antiprostatitic, Antipsoriac, Antistreptococcic, Antithrombic, Antitumor (Bladder), Bradycardiac, COMT-Inhibitor, Calmodulin-Antagonist, Cytochrome-P450-1A2-Inhibitor, Deiodinase-Inhibitor, Differentiator, Insulinogenic, MAO-A-Inhibitor, Mast-Cell-Stabilizer, Metal-Chelator (Copper), Metalloproteinase-Inhibitor, NADH-Oxidase-Inhibitor, NEP-Inhibitor, NF-kB-Inhibitor, NO-Synthase-Inhibitor, P450-Inducer, P450-Inhibitor, PGE2-Inhibitor, PTK-Inhibitor, Phospholipase-Inhibitor, Proliferant, Protein-Kinase-C-Inhibitor, Tyrosine-Kinase-Inhibitor, VEGF-Inhibitor",1,Preclinical / mechanistic evidence,https://pubmed.ncbi.nlm.nih.gov/28656091/; https://www.ncbi.nlm.nih.gov/books/5112884/; https://dailymed.nlm.nih.gov/dailymed/drugInfo.cfm?setid=2090a341-f3a7-405c-bc72-18452a2163c1; https://doi.org/10.1079/cabicompendium.8809; https://doi.org/10.3389/fphar.2020.00041; https://dailymed.nlm.nih.gov/dailymed/drugInfo.cfm?setid=e22cfa0b-84ed-47e4-ad82-579384fafcd6; https://doi.org/10.5812/jjm.25580; https://doi.org/10.3390/ddc3010011 (+8 more),16,Unknown,No explicit flag found,No explicit flag found,,78,1,1,0,0,Selected because: high relevance; strong evidence base; 7 differentiating shared compound(s),Passed scientific triage gates,Metabolic & blood sugar support,Infusion,
Coriandrum sativum,Shortlist,73.5,81,"Indication Relevance ...... 35/35
Evidence Quality .......... 25/30
Compound Quality .......... 9.5/12
Mechanism Support ......... 1.5/8
Safety & Regulatory ....... 7/10
Novelty & Market .......... 3/5",High relevance,35,Direct human/clinical,6,1,25,9.5,1.5,7,3,Indication-centric discovery,1,"Linalool; ANGELICIN; APIGENIN; CAFFEIC-ACID; CHLOROGENIC-ACID; 1,8-CINEOLE; CITRONELLOL; GERANIOL",8,,0,"Linalool; ANGELICIN; APIGENIN; CAFFEIC-ACID; CHLOROGENIC-ACID; 1,8-CINEOLE; CITRONELLOL; GERANIOL","GABAergic system, glutamate system, calcium channels, Antiaflatoxin, Anticonvulsant, Antiflu, Antimutagenic, Antispasmodic, Antiviral, CNS-Depressant, Cytotoxic, Hepatoprotective, Hypotensive, Myorelaxant, Photoactive, Phototoxic, Sedative, 11B-HSD-Inhibitor, AntiADD, AntiHIV, Antiaggregant, Antiaging, Antiallergic, Antiangiogenic, Antiarrhythmic, Antibacterial, Anticancer (Lung), Anticomplementary, Antidermatitic, Antiestrogenic, Antiherpetic, Antihistaminic, Antiinflammatory, Antileukemic, Antimelanomic, Antimetastatic, Antioxidant, Antiperistaltic, Antiproliferant, Antistress, Antithyroid, Antitumor, Antitumor (Breast), Antitumor (Lung), Antitumor (Skin), Anxiolytic, Apoptotic, Aromatase-Inhibitor, Beta-Glucuronidase-Inhibitor, COX-1-Inhibitor, COX-2-Inhibitor, Calcium-Antagonist?, Cancer-Preventive, Choleretic, Cyclooxygenase-Inhibitor, Cytochrome-P450-1A1-Inhibitor, DNA-Protective, Deiodinase-Inhibitor, Differentiator, Diuretic, Estrogenic, HIF-1alpha-Inhibitor, Hyaluronidase-Inhibitor, ICAM-1-Inhibitor, IKK-Inhibitor, Inotropic, Interleukin-6-Inhibitor, MAO-Inhibitor, MAPK-Inhibitor, Musculotropic, Mutagenic, NADH-Oxidase-Inhibitor, NF-kB-Inhibitor, NO-Synthase-Inhibitor, Nodulation-Signal, Ornithine-Decarboxylase-Inhibitor, P21-Inducer, PKC-Inhibitor, PTK-Inhibitor, Pesticide, Polyamine-Synthesis-Inhibitor, Progestational, Protein-Kinase-C-Inhibitor, Quinone-Reductase-Inducer, Radioprotective, Sunscreen, TNF-alpha-Inhibitor, Topoisomerase-I-Inhibitor, Topoisomerase-II-Inhibitor, Uterotrophic, VEGF-Inhibitor, Vasodilator, Xanthine-Oxidase-Inhibitor, iNOS-Inhibitor, Aldose-Reductase-Inhibitor, Allergenic, Analgesic, AntiLegionella, Antiadenoviral, Antiatherogenic, Anticancer, Anticarcinogenic, Antidepressant, Antiedemic, Antielastase, Antiescherichic, Antigonadotropic, Antihemolytic, Antihepatoadenomic, Antihepatotoxic, Antihypercholesterolemic, Antihyperthyroid, Antileukotriene, Antimelanogenic, Antinitrosaminic, Antiophidic, Antiperoxidant, Antiprostaglandin, Antiradicular, Antiseptic, Antistaphylococcic, Antistomatitic, Antisunburn, Antithiamin, Antitumor-Promoter, Antiulcerogenic, Antivaccinia, CNS-Active, Calcium-Antagonist, Carcinogenic, Chemopreventive, Cholagogue, Clastogenic, Co-carcinogenic, Collagen-Sparing, Cytoprotective, DNA-Active, Fungicide, Hepatocarcinogenic, Hepatotropic, Histamine-Inhibitor, Immunostimulant, Insectifuge, Leukotriene-Inhibitor, Lipoxygenase-Inhibitor, Lyase-Inhibitor, Metal-Chelator, Prooxidant, Prostaglandigenic, Tumorigenic, Vulnerary, Allelochemic, AntiEBV, Antiatherosclerotic, Anticancer (Colon), Anticancer (Forestomach), Anticancer (Liver), Anticancer (Skin), Antidiabetic, Antifeedant, Antigenotoxic, Antipolio, Antitumor (Colon), Antitumor (Forestomach), Antitumor (Liver), Antiulcer, Autotoxic, CNS-Stimulant, Cardioprotective, Hypoglycemic, Interferonogenic, Juvabional, Larvistat, NO-Genic, Oviposition-Stimulant, Sweetener, (-)-Chronotropic, (-)-Inotropic, Acaricide, Allelopathic, Anesthetic, Anthelmintic, Antiacetylcholinesterase, Antibronchitic, Anticariogenic, Anticatarrh, Anticholinesterase, Antifatigue, Antihalitosic, Antilaryngitic, Antinociceptive, Antipharyngitic, Antiplaque, Antirheumatic, Antirhinitic, Antisinusitic, Antitussive, Candidicide, Convulsant, Counterirritant, Cytochrome-P450-Inducer, Decongestant, Degranulant, Dentifrice, Edemagenic, Expectorant, FLavor, Gastroprotective, Gram(+)icide, Gram(-)icide, Hepatotonic, Herbicide, Inflammatory, Irritant, Nematicide, Neurotoxic, P450-Inducer, Pediculicide, Perfume, Rubefacient, Secretogogue, Spasmogenic, Surfactant, Testosterone-Hydroxylase-Inducer, Transdermal, Trichomonicide, Antistreptococcic, Perfumery, Anticancer (Pancreas), Antisalmonella, Antitubercular, Antitumor (Pancreas), Ascaricide, Embryotoxic, Emetic, Insectiphile, Mycobactericide, Antisickling, Fungistat, Immunosuppressant, Phytoalexin, Ubiquiot, Amphetaminagenic, Hallucinogenic, Hepatotoxic, Hypnotic, Insecticide, Insecticide-Synergist, Larvicide, Oxytocic, Paralytic, Psychoactive, Serotoninergic, Tachycardic, Uterotonic, 5-Lipoxygenase-Inhibitor, ATPase-Inhibitor, Aldehyde-Oxidase-Inhibitor, AntiCrohn's, AntiGTF, AntiPMS, Antialzheimeran, Antianaphylactic, Antiarthritic, Antiasthmatic, Anticarcinomic (Breast), Anticataract, Anticolitic, Anticystitic, Antiencephalitic, Antifibrosarcomic, Antigastric, Antihydrophobic, Antihypertensive, Antileishmanic, Antilipoperoxidant, Antimalarial, Antimyocarditic, Antipancreatitic, Antiperiodontal, Antipermeability, Antiplasmodial, Antipodriac, Antiprostanoid, Antiprostatitic, Antipsoriac, Antithrombic, Antitrypanosomic, Antitumor (Bladder), Antitumor (Ovary), Bacteristat, Bradycardiac, COMT-Inhibitor, Calmodulin-Antagonist, Capillariprotective, Catabolic, Copper-Chelator, Cytochrome-P450-1A2-Inhibitor, Diaphoretic?, Glucosyl-Transferase-Inhibitor, HIV-RT-Inhibitor, Hemostat, Hepatomagenic, Insulinogenic, MAO-A-Inhibitor, MMP-9-Inhibitor, Mast-Cell-Stabilizer, Metal-Chelator (Copper), Metalloproteinase-Inhibitor, NEP-Inhibitor, NO-Inhibitor, Neuroprotective, P450-Inhibitor, PGE2-Inhibitor, Phospholipase-Inhibitor, Plasmodicide, Proliferant, Prostaglandin-Synthesis-Inhibitor, Teratologic, Tyrosinase-Inhibitor, Tyrosine-Kinase-Inhibitor, cAMP-Phosphodiesterase-Inhibitor, Androgenic, Angiogenic, Anorexic, Antiadenomic, Antiandrogenic, Anticancer (Breast), Anticancer (Cervix), Antifertility, Antigonadotrophic, Antihyperlipoproteinaemic, Antilymphomic, Antiprogestational, Antiprostatadenomic, Antipyretic, Antitumor (Cervix), Artemicide, Caspase-8-Inducer, Febrifuge, Gonadotrophic, Hypocholesterolemic, Hypolipidemic, Spermicide, Ulcerogenic, Antiacne, Bacteriostatic, Renoirritant, ACE-Inhibitor, Laxative, Antihelicobacter, Antidiarrheic, Antidysenteric, Antilipolytic, Antinephritic, Antirenitic, Chelator, Psychotropic, Deodorant, Dermatitigenic, Vermifuge, Anticolic, Antiglutamaergic, Antimange, Antimite, Antishock, Barbituate-Synergist, Bronchorelaxant, Candidistat, Carminative, Culicide, GABA-nergic, Hypothermic, Mosquitofuge, Motor-Depressant, Termitifuge, Tumor-Promoter, Dermal, Antipneumonic, Coleoptophile, P450-2B1-Inhibitor, Tranquilizer, Dye, Cicatrizant, Termiticide, Acidulant, Antiotitic, Antivaginitic, Keratitigenic, Mucolytic, Osteolytic, Protisticide, Verrucolytic, CNS-Paralytic, Fatal, Hemostatic, Renotoxic, Varroacide, Alpha-Glucosidase-Inhibitor, Anticlastogen, Antiischemic, Antitumor (Mouth), Glutathione-Depleting, Nephrotoxic, Phagocytotic, Antiacetylcholine, Antiyeast, CNS-Toxic, Inhalant, Insect-Repellent, Antilithic?, Hypocholesterolemic?, Antiemetic, Antifibrositic, Antineuralgic, Antipruritic, Cosmetic, Deliriant, Ecbolic, Epileptigenic, Occuloirritant, Respirainhibitor, Respirastimulant, Stimulant, Vibriocide, Antiproliferative, Vermicide, Antionychyotic, Mosquitocide, AChE-Inhibitor, Antialzheimeran?, Antiesophagitic, Antilithic, Antimetastatic (Stomach), Antiobesity, Antitumor (Prostate), Antitumor (Stomach), Bronchoprotectant, Cholesterolytic, Detoxicant, Enterocontractant, Fungiphilic, GST-Inducer, Histaminic, Immunomodulator, Lipolytic, Ozone-Scavenger, Peristaltic, Photosensitizer, Glutathionigenic, Spasmolytic, Aphidifuge, Capillarigenic, Diaphoretic, Antibacillary, Antirheumatalgic, Antileukodermic, Antimitotic, Bacteriophagicide, Contraceptive, Cytotoxic (Breast), Cytotoxic (Colon), Cytotoxic (Lung), Genotoxic, MAO-B-Inhibitor, Photocarcinogenic, Antiadrenergic, Antibronchoconstrictor, Anticholinergic, Antileukotrienogenic, Phytohormonal, Uterosedative, 5-HT-Inhibitor, AntiCVI, Antiapoplectic, Anticapillary-Fragility, Antidementia, Antierythemic, Antiglaucomic, Antihematuric, Antihemorrhoidal, Antiplatelet, Antiprotozoal, Antipurpuric, Antithrombogenic, Antivaricose, Estrogenic?, Myoprotective, PAF-Inhibitor, Vasopressor, Antivitiligic, Carcinogenic?, Melaninogenic, Melatoninogenic, Photodermatitigenic, Antiamblyopic, Antidiuretic, Antiileus, Antitachycardic, Cardiodepressant, Cerebrostimulant, Miotic, Myocontractant, Myopic, Myotonic, Neurotransmitter, Parasympathomimetic, Sialogogue, Antiapertif, Antijet-lag, DME-Inhibitor, Molluscicide, Piscicide, Antichoreic, Anticirrhotic, Anticystinuric, Antidyskinetic, Antihomocysteine, Antimanic, Antisteatotic, Cerebrotonic, Cholinergic, Ileorelaxant, Lipotropic, Memorigenic, Cytochrome-P450-Inhibitor, Antidysmenorrheic, Antineoplastic, Antiserotonin, Arteriodilator, Cardiac, Hydrocholerectic, Preservative, Antiprostatotic, Ovulant, Ancylostomicide, Ankylostomacide, Antilepric, Antineuritic, Antioxidant (LDL), Antiperiodontic, Antitrichinosic, Ataxigenic, Enterorelaxant, Enterotoxic, Gastroirritant, Sprout-Inhibitor, Tracheorelaxant, Urinary-Antiseptic, Hormonal, Antikeratotic, Antileucodermic, Antimycotic, Antipityriasic, Antiscleromyxoedemic, Bufocide, Hypertrichotic",1,Preclinical / mechanistic evidence,https://pubmed.ncbi.nlm.nih.gov/40727026/; https://www.ebi.ac.uk/chembl/compound_report_card/CHEMBL2108927/; https://doi.org/10.1007/springerreference_68340; https://dailymed.nlm.nih.gov/dailymed/drugInfo.cfm?setid=5c667764-254f-416b-9b23-95760f9fbbfb; https://pubmed.ncbi.nlm.nih.gov/41976133/; https://dailymed.nlm.nih.gov/dailymed/drugInfo.cfm?setid=e1819aaa-fce0-f277-e053-2a95a90ae8d3,6,Unknown,No explicit flag found,No explicit flag found,,78,1,1,0,0,Selected because: high relevance; strong evidence base; 8 differentiating shared compound(s),Passed scientific triage gates,Metabolic & blood sugar support,Infusion,
Hamamelis virginiana,Shortlist,69.5,80.5,"Indication Relevance ...... 35/35
Evidence Quality .......... 24.5/30
Compound Quality .......... 9.5/12
Mechanism Support ......... 1.5/8
Safety & Regulatory ....... 7/10
Novelty & Market .......... 3/5",High relevance,35,Direct human/clinical,3,1,24.5,9.5,1.5,7,3,Indication-centric discovery,1,ACETALDEHYDE; AFZELIN; GALLIC-ACID; GALLO-TANNIN; HAMAMELITANNIN; BETA-IONONE; ISOQUERCITRIN,7,,0,ACETALDEHYDE; AFZELIN; CHOLINE; GALLIC-ACID; GALLO-TANNIN; HAMAMELITANNIN; BETA-IONONE; ISOQUERCITRIN,"Addictive, Fungicide, Perfumery, Pesticide, Respiraparalytic, Tyrosinase-Inhibitor, ACE-Inhibitor, Antialzheimeran, Antichoreic, Anticirrhotic, Anticystinuric, Antidementia, Antidiabetic, Antidyskinetic, Antihomocysteine, Antimanic, Antinociceptive, Antisteatotic, Cardiodepressant, Cerebrotonic, Cholinergic, Hepatoprotective, Hypotensive, Ileorelaxant, Lipotropic, Memorigenic, Parasympathomimetic, Analgesic, AntiHIV, AntiMRSA, Antiadenovirus, Antiallergenic, Antianaphylactic, Antiangiogenic, Antiasthmatic, Antibacterial, Antibronchitic, Anticancer, Anticarcinomic, Antiescherichic, Antifibrinolytic, Antiflu, Antihepatotoxic, Antiherpetic, Antiinflammatory, Antileishmanic, Antimutagenic, Antinitrosaminic, Antioxidant, Antiperiodontitic, Antiperoxidant, Antipolio, Antiproteolytic, Antiradicular, Antiseptic, Antistaphylococcic, Antitumor, Antitumor-Promoter, Antiviral, Apoptotic, Astringent, Bacteristat, Bronchodilator, Cancer-Preventive, Candidicide, Carcinogenic, Choleretic, Cyclooxygenase-Inhibitor, Cytotoxic, Floral-Inhibitor, Gram(+)icide, Gram(-)icide, Hemostat, Immunomodulator, Immunostimulant, Immunosuppressant, Insulin-Sparing, Myorelaxant, NO-Inhibitor, Nephrotoxic, Styptic, Topoisomerase-I-Inhibitor, Xanthine-Oxidase-Inhibitor, Cardiotoxic, Reverse-Transcriptase-Inhibitor, Topoisomerase-II-Inhibitor, Allergenic, Anticariogenic, Antimelanomic, Cytochrome-P450-Inducer, Hypocholesterolemic, Nematicide, P450-Inducer, Trichomonicide, Aldose-Reductase-Inhibitor, Antielastase, Antifeedant, Capillarigenic, Diaphoretic, Diuretic, Insectiphile, TNF-alpha-Inhibitor, Antineoplastic, Allelochemic, Antigastric, Antigingivitic, Antigonadotrophic, Antihistaminic, Antiperiodontic, Antiplaque, COMP-Inhibitor, Hypoglycemic, Larvistat, Lipoxygenase-Inhibitor, Mutagenic, Oxidase-Inhibitor, Quinone-Reductase-Inducer, Tyrosine-Kinase-Inhibitor, Vasodilator, Anesthetic, AntiMS, Antihemorrhoidal, Antihydrocoele, Antiincontinence, Antionychogryphotic, Antiotitic, Antiprostatitic, Antipyruvetic, Antisinusitic, Antispastic, Antiwrinkle, CNS-Depressant, Emetic, Hemolytic, Rodenticide, Antiarrhythmic, Anticataract, Antiedemic, Antihemorrhagic, Antipurpuric, Antispasmodic, Antithrombogenic, Antiulcer, Cardiotonic, Cyclooxygenase-Activator, Detoxicant, Dye, Hepatotonic, MAO-A-Inhibitor, MAO-Inhibitor, Paralytic, Vasopressor, Antihepatomic, Antitumor (Lung), Antitumor (Ovary), Antileukemic, Expectorant, Antiallergic, Interferonogenic, 11B-HSD-Inhibitor, 5-Lipoxygenase-Inhibitor, Antiaflatoxin, Antiaggregant, Antifertility, Antiimplantation, Antilymphocytic, Antiserotonin, Aromatase-Inhibitor, COX-2-Inhibitor, Copper-Chelator, Diaphoretic?, Estrogenic, HIV-RT-Inhibitor, ICAM-1-Inhibitor, Inotropic, Iodothyronine-Deiodinase-Inhibitor, JNK-Inhibitor, Natriuretic, Neuroprotective, PAF-Inhibitor, Protisticide, Teratologic, Uterotrophic, cAMP-Phosphodiesterase-Inhibitor, iNOS-Inhibitor, ATPase-Inhibitor, Aldehyde-Oxidase-Inhibitor, AntiCrohn's, AntiGTF, AntiPMS, Antiaging, Antiarthritic, Antiatherosclerotic, Anticarcinomic (Breast), Anticolitic, Anticomplementary, Anticystitic, Antidepressant, Antidermatitic, Antiencephalitic, Antiestrogenic, Antifibrosarcomic, Antigonadotropic, Antihydrophobic, Antihypertensive, Antileukotriene, Antilipoperoxidant, Antimalarial, Antimetastatic, Antimyocarditic, Antipancreatitic, Antiperiodontal, Antiperistaltic, Antipermeability, Antipharyngitic, Antiplasmodial, Antipodriac, Antiproliferant, Antiprostanoid, Antipsoriac, Antistreptococcic, Antithiamin, Antithrombic, Antitrypanosomic, Antitumor (Bladder), Antitumor (Breast), Antitumor (Colon), Antitumor (Skin), Bradycardiac, COMT-Inhibitor, Calmodulin-Antagonist, Capillariprotective, Catabolic, Cytochrome-P450-1A2-Inhibitor, Deiodinase-Inhibitor, Differentiator, Glucosyl-Transferase-Inhibitor, Hepatomagenic, Insulinogenic, Juvabional, MMP-9-Inhibitor, Mast-Cell-Stabilizer, Metal-Chelator (Copper), Metalloproteinase-Inhibitor, NADH-Oxidase-Inhibitor, NEP-Inhibitor, NF-kB-Inhibitor, NO-Synthase-Inhibitor, Ornithine-Decarboxylase-Inhibitor, P450-Inhibitor, PGE2-Inhibitor, PTK-Inhibitor, Phospholipase-Inhibitor, Plasmodicide, Proliferant, Prostaglandin-Synthesis-Inhibitor, Protein-Kinase-C-Inhibitor, Tumorigenic, VEGF-Inhibitor, Anticonvulsant, CNS-Stimulant, Calcium-Antagonist, Carminative, Controlled, Cytochrome-P488-Inducer, DNA-Binder, Hepatocarcinogenic, Hepatoregenerative, Hepatotoxic, Hypothermic, Irritant, Neurotoxic, Pediculicide, Psychoactive, Tremorigenic",1,Clinical / human evidence,https://pubmed.ncbi.nlm.nih.gov/41468068/; https://pubmed.ncbi.nlm.nih.gov/28338538/; https://pubmed.ncbi.nlm.nih.gov/36678961/,3,Unknown,No explicit flag found,No explicit flag found,,59,1,1,0,0,Selected because: high relevance; strong evidence base; 7 differentiating shared compound(s),Passed scientific triage gates,Metabolic & blood sugar support,Infusion,
Allium cepa,Shortlist,67.5,78,"Indication Relevance ...... 35/35
Evidence Quality .......... 22/30
Compound Quality .......... 9.5/12
Mechanism Support ......... 1.5/8
Safety & Regulatory ....... 7/10
Novelty & Market .......... 3/5",High relevance,35,Direct human/clinical,2,1,22,9.5,1.5,7,3,Indication-centric discovery,1,ACETIC-ACID; ALLICIN; ALLIIN; ALPHA-AMYRIN; CALCIUM-OXALATE; CATECHOL; P-COUMARIC-ACID; CYCLOALLIIN,8,,0,ACETIC-ACID; ALLICIN; ALLIIN; ALPHA-AMYRIN; CALCIUM-OXALATE; CATECHOL; P-COUMARIC-ACID; CYCLOALLIIN,"Acidulant, Antibacterial, Antiotitic, Antisalmonella, Antivaginitic, Expectorant, Fungicide, Keratitigenic, Mucolytic, Osteolytic, Perfumery, Pesticide, Protisticide, Spermicide, Ulcerogenic, Verrucolytic, Alcohol-Dehydrogenase-Inhibitor, Allergenic, Amebicide, Anthelmintic, Antiaggregant, Antiatherosclerotic, Antibiotic, Anticholinesterase, Antidiabetic, Antiflu, Antiglaucomic, Antiherpetic, Antihypertensive, Antiinflammatory, Antileukemic, Antileukotriene, Antilymphomic, Antimutagenic, Antineuralgic, Antioxidant, Antiplatelet, Antiproliferant, Antiprostaglandin, Antiradicular, Antisarcomic, Antiseptic, Antishigellic, Antistaphylococcic, Antitriglyceride, Antitubercular, Antitumor, Antiviral, Apoptotic, Calcium-Antagonist, Candidicide, Cyclooxygenase-Inhibitor, Gram(+)icide, Gram(-)icide, Hepatotoxic, Hypocholesterolemic, Hypoglycemic, Hypolipidemic, Immunostimulant, Insecticide, Insulin-Sparing, Larvicide, Lipolytic, Lipoxygenase-Inhibitor, Mucokinetic, Mycobactericide, NO-Inhibitor, Nematicide, Papain-Inhibitor, Phagocytotic, Prooxidant, Prostaglandin-Synthetase-Inhibitor, Succinate-Dehydrogenase-Inhibitor, Trichomonicide, Urease-Inhibitor, Vibriocide, Xanthine-Oxidase-Inhibitor, Antihepatotoxic, Antithrombotic, Hepatoprotective, Squalene-Monooxygenase-Inhibitor, Analgesic, Antiedemic, Antinociceptive, Antiulcer, Cytotoxic, Gastroprotective, Insectifuge, Emetic, Inflammatory, Laxative, Lithogenic, Allelochemic, Anticancer (Breast), Antigonadotropic, Antistomatitic, Antithiamin, Antithyreotropic, Antitumor (Breast), Cancer-Preventive, Carcinogenic, Co-carcinogenic, Convulsant, Dermatitigenic, Herbicide, Quinone-Reductase-Inducer, Tumor-Promoter, Aldose-Reductase-Inhibitor, Allelopathic, Anticlastogen, Antifertility, Antinitrosaminic, Antiperoxidant, Antispasmodic, Chemopreventive, Choleretic, Diaphoretic?, Prostaglandigenic, Prostaglandin-Synthesis-Inhibitor, Tyrosinase-Inhibitor, Fibrinolytic, Lachrymatory, Anticancer (Colon), Anticancer (Liver), Anticancer (Stomach), Antitumor (Colon), Antitumor (Esophagus), Antitumor (Intestine), Antitumor (Liver), Antitumor (Lung), Antitumor (Stomach), Arylamine-N-Acetyltransferase-Inhibitor, Cancer-Preventive (Esophagus), Cytochrome-P450-2E1-Inhibitor, FLavor, Occuloirritant, Radioprotective, Triglycerolytic, Antisickling, Fungistat, Immunosuppressant, Phytoalexin, Secretogogue, Ubiquiot, AntiPMS, Antidepressant, Antihyperthyroid, Antimanic, Antipsychotic, Antischizophrenic, Cholinergic, Deliriant, Natriuretic, Nephrotoxic, Acaricide, CNS-Paralytic, Fatal, Hemostatic, Irritant, Renotoxic, Varroacide, Antiprostatotic, Antiperoxynitrite, Androgenic, Angiogenic, Anorexic, Antiadenomic, Antiandrogenic, Anticancer (Cervix), Anticancer (Lung), Antiestrogenic, Antifeedant, Antigonadotrophic, Antihyperlipoproteinaemic, Antiophidic, Antiprogestational, Antiprostatadenomic, Antiprostatitic, Antipyretic, Antitumor (Cervix), Artemicide, Caspase-8-Inducer, Estrogenic, Febrifuge, Gonadotrophic, Anticancer, Antifatigue, Antitumor-Promoter, Ascaricide, Anticariogenic?, Antihemolytic, Antiplaque?, Bilirubinolytic, Diuretic, Flatulent, Hyperuricemic, Sweetener, Ovulant, Sedative, Albuminurigenic, Antiasthmatic, Antineoplastic, Viristat, Antirheumatic, Antialzheimeran, Antichoreic, Anticirrhotic, Anticystinuric, Antidementia, Antidyskinetic, Antihomocysteine, Antisteatotic, Cardiodepressant, Cerebrotonic, Hypotensive, Ileorelaxant, Lipotropic, Memorigenic, Parasympathomimetic, Alpha-Amylase-Inhibitor, Antiaphthic, Anticalculic, Anticoagulant, Antileishmanic, Antioxidant Synergist, Antiseborrheic, Disinfectant, Hemostat, Laxative?, Litholytic, Odontolytic, Refrigerant, Antidermatitic, Antihepatocarcinogenic, Antipsoriac, Antifibromyalgic, Bacteristat, Bruchiphobe, Hemopoietic, Sialogogue, CNS-Stimulant, Cardiovascular, Dye, Astringent, AntiHIV, AntiLegionella, Antiadenoviral, Antiaging, Antiatherogenic, Anticarcinogenic, Antielastase, Antiescherichic, Antihepatoadenomic, Antihistaminic, Antihypercholesterolemic, Antimelanogenic, Antisunburn, Antithyroid, Antitumor (Skin), Antiulcerogenic, Antivaccinia, Anxiolytic, CNS-Active, COX-2-Inhibitor, Cholagogue, Clastogenic, Collagen-Sparing, Cytoprotective, DNA-Active, DNA-Protective, Hepatocarcinogenic, Hepatotropic, Histamine-Inhibitor, Leukotriene-Inhibitor, Lyase-Inhibitor, Metal-Chelator, Ornithine-Decarboxylase-Inhibitor, Sunscreen, Tumorigenic, Vulnerary, Antilipemic, Antiproliferative, Avifuge, GT-Inducer, Hemolytic, Anticryptococcic, Antigiardial, Antimeningitic, Antipneumonic, Antitrypanosomic, Insectiphile, Trypanosomastat, Anesthetic, Anhydrotic, Antipruritic, CNS-Depressant, Hypertensive, Hypnotic, Hypocalcemic, Mucotropic, Neurolytic, Rubefacient, Sclerosant, Surfactant, Teratogenic, Tremorilytic, Antiallergic, Antiarrhythmic, Anticancer (Forestomach), Anticancer (Skin), Antidysmenorrheic, Antimitotic, Antiserotonin, Antithrombic, Antitumor (Forestomach), Arteriodilator, Cardiac, Hydrocholerectic, Preservative, Uterosedative, Antidiuretic, Antiendotoxic, Antiinsomniac, Antilipolytic, Antitachycardic, Glucogonogenic, Immunomodulator, Insulinic, Myorelaxant, PAF-Inhibitor, Pyrogenic, Respirastimulant, Secretomotor, Vasodilator, Antiacetylcholinesterase, Antibacillary, Antirheumatalgic, Cholesterolytic, Hepatotonic, 11B-HSD-Inhibitor, 5-Lipoxygenase-Inhibitor, Antiaflatoxin, Antigingivitic, Antiimplantation, Antilymphocytic, Antiperiodontic, Antiplaque, Aromatase-Inhibitor, Copper-Chelator, HIV-RT-Inhibitor, ICAM-1-Inhibitor, Inotropic, Iodothyronine-Deiodinase-Inhibitor, JNK-Inhibitor, MAO-Inhibitor, Mutagenic, Neuroprotective, TNF-alpha-Inhibitor, Teratologic, Topoisomerase-I-Inhibitor, Topoisomerase-II-Inhibitor, Uterotrophic, cAMP-Phosphodiesterase-Inhibitor, iNOS-Inhibitor, Antidote, Abortifacient, AntiPGE2, AntiTGF-beta, Anticarcinomic, Anticariogenic, Anticomplement, Antihyperlipidemic, Antiischemic, Antimalarial, Antinephritic, Antiplasmodial, Antitumor (Kidney), Antitumor (Pancreas), Beta-Blocker, Beta-Glucuronidase-Inhibitor, Cardioprotective, Cardiotonic, Elastase-Inhibitor, Hypolipemic, Leucocytogenic, NF-kB-Inhibitor, Piscicide, Uterotonic, Vasopressor, Decalcifier, Goitrogenic, ACE-Inhibitor, Anticytotoxic, Antidote (Heavy Metals), Antieczemic, Antihepatitic, Antimaculitic, Antinyctalopic, Antiretinitic Optometry, Colorant, Retinoprotectant Optometry, Anaphrodisiac, Anticonvulsant, Aphrodisiac, Contraceptive, Depressant, GABA-nergic, Hypothermic, Progesteronigenic, Serotoninergic, Thyrotropic, Alpha-Glucosidase-Inhibitor, Antitumor (Mouth), Antitussive, Glutathione-Depleting, ATPase-Inhibitor, Aldehyde-Oxidase-Inhibitor, AntiCrohn's, AntiGTF, Antianaphylactic, Antiangiogenic, Antiarthritic, Anticarcinomic (Breast), Anticataract, Anticolitic, Anticomplementary, Anticystitic, Antiencephalitic, Antifibrosarcomic, Antigastric, Antihydrophobic, Antilipoperoxidant, Antimelanomic, Antimetastatic, Antimyocarditic, Antipancreatitic, Antiperiodontal, Antiperistaltic, Antipermeability, Antipharyngitic, Antipodriac, Antipolio, Antiprostanoid, Antistreptococcic, Antitumor (Bladder), Antitumor (Ovary), Bradycardiac, COMT-Inhibitor, Calmodulin-Antagonist, Capillariprotective, Catabolic, Cytochrome-P450-1A2-Inhibitor, Deiodinase-Inhibitor, Differentiator, Glucosyl-Transferase-Inhibitor, Hepatomagenic, Insulinogenic, Juvabional, Larvistat, MAO-A-Inhibitor, MMP-9-Inhibitor, Mast-Cell-Stabilizer, Metal-Chelator (Copper), Metalloproteinase-Inhibitor, NADH-Oxidase-Inhibitor, NEP-Inhibitor, NO-Synthase-Inhibitor, P450-Inducer, P450-Inhibitor, PGE2-Inhibitor, PTK-Inhibitor, Phospholipase-Inhibitor, Plasmodicide, Proliferant, Protein-Kinase-C-Inhibitor, Tyrosine-Kinase-Inhibitor, VEGF-Inhibitor, Capillarigenic, Diaphoretic, 5-HT-Inhibitor, AntiCVI, Antiapoplectic, Anticapillary-Fragility, Antierythemic, Antihematuric, Antihemorrhoidal, Antiprotozoal, Antipurpuric, Antithrombogenic, Antivaricose, Estrogenic?, Myoprotective, Oviposition-Stimulant, Additive, Antihyperglycemic, Antimigraine, Epidermal-Stimulant, Osmoregulator, Propecic, Antihepatomic, Antiapoptotic, Anticollegenase, Antihyperinsulinemic, Antihyperleptinemic, Antimyopic, Antiobesity, COX-1-Inhibitor, NO-Scavenger, Vasoactive, Vasoprotective, Antiuricosuric, Hyperglycemic, Uricosuric",1,Clinical / human evidence,https://clinicaltrials.gov/study/NCT00754247; https://pubmed.ncbi.nlm.nih.gov/42072155/,2,Unknown,No explicit flag found,No explicit flag found,,72,1,1,0,0,Selected because: high relevance; moderate evidence base; 8 differentiating shared compound(s),Passed scientific triage gates,Metabolic & blood sugar support,Infusion,
Aloe vera,Shortlist,67.5,78,"Indication Relevance ...... 35/35
Evidence Quality .......... 22/30
Compound Quality .......... 9.5/12
Mechanism Support ......... 1.5/8
Safety & Regulatory ....... 7/10
Novelty & Market .......... 3/5",High relevance,35,Direct human/clinical,2,1,22,9.5,1.5,7,3,Indication-centric discovery,1,ALOCUTIN-A; ALOE-EMODIN; ALOESIN; ANTHRAQUINONES; BENZYL-ACETONE; CALCIUM-OXALATE; CHOLINE-SALICYLATE,7,,0,ALOCUTIN-A; ALOE-EMODIN; ALOESIN; ANTHRAQUINONES; BENZYL-ACETONE; CALCIUM-OXALATE; CHOLINE; CHOLINE-SALICYLATE,"Analgesic, Cancer-Agglutinator, Complementary-Activator, Hemagglutinator, Lymphogenic, Antibacterial, Antiherpetic, Antileukemic, Antisalmonella, Antiseptic, Antistaphylococcic, Antitumor, Antiviral, Arylamine-N-Acetyltransferase-Inhibitor, Calcium-Antagonist, Candidicide, Cathartic, Cytotoxic, Estrogenic, Fungicide, Genotoxic, Laxative, Mutagenic, Pesticide, Purgative, Termitifuge, Topoisomerase-II-Inhibitor, Tuberculostatic, Sunscreen, Antilithic, Bird-Repellent, Carcinogenic, Litholytic, Toxic, Antitussive, Emetic, Inflammatory, Lithogenic, Antialzheimeran, Antichoreic, Anticirrhotic, Anticystinuric, Antidementia, Antidiabetic, Antidyskinetic, Antihomocysteine, Antimanic, Antinociceptive, Antisteatotic, Cardiodepressant, Cerebrotonic, Cholinergic, Hepatoprotective, Hypotensive, Ileorelaxant, Lipotropic, Memorigenic, Parasympathomimetic, Antiotalgic, Aldose-Reductase-Inhibitor, Allergenic, Anesthetic, Antiinflammatory, Antimutagenic, Antispasmodic, Cancer-Preventive, Choleretic, Dermatitigenic, FLavor, Herbicide, Lipoxygenase-Inhibitor, Tyrosinase-Inhibitor, Vermifuge, Allelopathic, Anticlastogen, Antifertility, Antihepatotoxic, Antinitrosaminic, Antioxidant, Antiperoxidant, Chemopreventive, Diaphoretic?, Prostaglandigenic, Prostaglandin-Synthesis-Inhibitor, Allelochemic, Antiaggregant, Antiandrogenic, Antibrucellosic, Anticancer (Kidney), Anticancer (Prostate), Antidiuretic, Antiedemic, Antiesherichic, Antilymphedemic, Antimelanomic, Antimetastatic, Antimitotic, Antimononuccleotic, Antimycoplasmotic, Antipsittacotic, Antipsoriac, Antitoxoplasmotic, Antitumor (GI), Antitumor (Kidney), Antitumor (Prostate), Bacteristat, Bruchiphobe, Cardiotonic, DME-Inhibitor, Hemorrhagic, Hepatotoxic, Hypnotic, Hypoglycemic, Immunostimulant, Juvabional, Larvistat, Lymphocytogenic, Lymphokinetic, Narcotic, Ovicide, Phagocytotic, Piscicide, Respirodepressant, Rodenticide, Sedative, AGEs-Inhibitor, AntiMRSA, Antiangiogenic, Anticytomegalovirus, Antifeedant, Antilymphomic, Antineoplastic, Antiplaque, Antiproliferant, Antisarcomic, Antisprout, Antitumor (Breast), Antiulcer, Antivaginitic, CNS-Depressant, COX-2-Inhibitor, Collagenase-Inhibitor, Differentiator, Gonadotropic, Hypolipidemic, Immunosuppressant, Leucocytogenic, MMP-2-Inhibitor, MMP-7-Inhibitor, MMP-9-Inhibitor, NO-Inhibitor, PGE2-Inhibitor, PTK-Inhibitor, Protein-Kinase-C-Inhibitor, Styptic, Trichomonicide, Tyrosine-Kinase-Inhibitor, Vasodilator, Vasorelaxant, iNOS-Inhibitor, Acaricide, Antisyncopic, Astringent, Corrosive, Counterirritant, Fungistat, Fungitoxic, Irritant, Preservative, Anorectic?, Hypocholesterolemic, AntiHIV, Anticancer, Anticoronary, Antidiarrheic, Chelator, Demulcent, Anthelmintic, Anticariogenic, Antidysenteric, Antihypertensive, Antilipolytic, Antiophidic, Antiradicular, Antirenitic, Cyclooxygenase-Inhibitor, Glucosyl-Transferase-Inhibitor, MAO-Inhibitor, Ornithine-Decarboxylase-Inhibitor, Psychotropic, Xanthine-Oxidase-Inhibitor, Anticarcinomic, Proteinase-Inhibitor, Antiarthritic, Antihepatomic, Antitumor (Lung), Antitumor (Ovary), Immunomodulator, Hemostat, Pigment, Antiprostaglandin, AntiMeniere's, Anticataract, Antiear-wax, Antiketotic, Antineuralgic, Arrhythmigenic, Emollient, Hyperglycemic, Antiprostatotic, Androgenic, Angiogenic, Anorexic, Antiadenomic, Anticancer (Breast), Anticancer (Cervix), Anticancer (Lung), Antiestrogenic, Antigonadotrophic, Antihyperlipoproteinaemic, Antiprogestational, Antiprostatadenomic, Antiprostatitic, Antipyretic, Antitumor (Cervix), Apoptotic, Artemicide, Caspase-8-Inducer, Febrifuge, Gonadotrophic, Spermicide, Ubiquiot, Ulcerogenic, AntiIBD, Antimeasles, Antiretroviral, Antirhinitic, Antitracheitic, 5-Alpha-Reductase-Inhibitor, Antidermatitic, Antieczemic, Antileukotriene-B4, Antipsoriatic, Coagulant, Insulinogenic, Myocontractant, Pyrogenic, Antihistaminic, Antitubercular, Keratitigenic, Occuloirritant, Antisecretory, COX-1-Inhibitor, Hypercholesterolemic, AntiEBV, Antiflu, Antihyperglycemic, Antimalarial, Antioxalate, Antirheumatic, Antiurethrotic, FPTase-Inhibitor, TOPO-2-Inhibitor, Ovulant, Protease-Inhibitor, Allergenic?, Antispermatogenic, Cholagogue, Hypothermic, Peristaltic, Uricosuric",1,Regulatory / monograph evidence,https://pubmed.ncbi.nlm.nih.gov/29737895/; https://pubmed.ncbi.nlm.nih.gov/35642120/,2,Unknown,No explicit flag found,No explicit flag found,,57,1,1,0,0,Selected because: high relevance; moderate evidence base; 7 differentiating shared compound(s),Passed scientific triage gates,Metabolic & blood sugar support,Infusion,
Cnicus benedictus,Shortlist,65.5,75.5,"Indication Relevance ...... 35/35
Evidence Quality .......... 19.5/30
Compound Quality .......... 9.5/12
Mechanism Support ......... 1.5/8
Safety & Regulatory ....... 7/10
Novelty & Market .......... 3/5",High relevance,35,Direct human/clinical,1,1,19.5,9.5,1.5,7,3,Indication-centric discovery,1,ALPHA-AMYRIN; ARCTIIN; BENZOIC-ACID; CITRAL; CNICIN; FENCHONE; FERULIC-ACID; N-NONACOSANE,8,,0,ALPHA-AMYRIN; ARCTIIN; BENZOIC-ACID; CITRAL; CNICIN; FENCHONE; FERULIC-ACID; N-NONACOSANE,"Analgesic, Antiedemic, Antiinflammatory, Antinociceptive, Antitumor, Antiulcer, Cytotoxic, Gastroprotective, Hepatoprotective, Insectifuge, Anticancer, Antitumor (Liver), Diuretic, Narcotic, Allergenic, Anesthetic, Antibacterial, Antiotitic, Antipyretic, Antisalmonella, Antiseptic, Antiyeast, Choleretic, Expectorant, FLavor, Fungicide, Pesticide, Phytoalexin, Tyrosinase-Inhibitor, Uricosuric, Vulnerary, Antiallergenic, Antiallergic, Antianaphylactic, Antihelicobacter, Antiherpetic, Antihistaminic, Antileishmanic, Antioxidant, Antishock, Antispasmodic, Antitumor (Colon), Antitumor (Skin), Antiviral, Apoptotic, Barbituate-Synergist, Bronchorelaxant, Calcium-Antagonist, Cancer-Preventive, Carcinogenic, Caspase-3-Inducer, Chemopreventive, Estrogenic, Glaucomagenic, Glutathionigenic, Herbicide, Myorelaxant, NF-kB-Inhibitor, NO-Inhibitor, Nematicide, P450-2B1-Inhibitor, Perfumery, Prostatitigenic, Sedative, Teratogenic, Trichomonicide, Trypanocide, Antibiotic, Antifeedant, Emetic, Irritant, Antialzheimeran?, Anticholinesterase, Counterirritant, Secretolytic, Allelopathic, Antiaggregant, Antiarrhythmic, Anticancer (Colon), Anticancer (Forestomach), Anticancer (Liver), Anticancer (Skin), Anticarcinogenic, Antidysmenorrheic, Antiestrogenic, Antihepatotoxic, Antileukemic, Antimitotic, Antimutagenic, Antineoplastic, Antinitrosaminic, Antiradicular, Antiserotonin, Antithrombic, Antitumor (Forestomach), Antitumor-Promoter, Arteriodilator, Candidicide, Cardiac, Cholagogue, Hepatotropic, Hydrocholerectic, Hypolipidemic, Immunostimulant, Metal-Chelator, Ornithine-Decarboxylase-Inhibitor, Phagocytotic, Preservative, Prostaglandigenic, Prostaglandin-Synthesis-Inhibitor, Sunscreen, Uterosedative, Androgenic, Angiogenic, Anorexic, Antiadenomic, Antiandrogenic, Anticancer (Breast), Anticancer (Cervix), Anticancer (Lung), Antifertility, Antigonadotrophic, Antihyperlipoproteinaemic, Antilymphomic, Antiophidic, Antiprogestational, Antiprostaglandin, Antiprostatadenomic, Antiprostatitic, Antitumor (Breast), Antitumor (Cervix), Antitumor (Lung), Artemicide, Caspase-8-Inducer, Febrifuge, Gonadotrophic, Hypocholesterolemic, Hypoglycemic, Spermicide, Ubiquiot, Ulcerogenic, Ovulant, Acaricide, Adrenergic, Allelochemic, Antienterococcic, Antiescherichic, Antiklebsiellic, Antipneumonic, Antipseudomonic, Antistaphylococcic, Antiurease, CNS-Depressant, CNS-Stimulant, COX-2-Inhibitor, Chronotropic, Circulatory-Stimulant, Cyclooxygenase-Inhibitor, Histaminic, Hypotensive, Hypothermic, Inotropic, Insecticide, Lipoxygenase-Inhibitor, Monoaminergic, Mutagenic, Sprout-Inhibitor, Termiticide, Tranquilizer, Vasodilator, Vibriocide, Antiacetylcholinesterase, Antibacillary, Antiflu, Antirheumatalgic, Laxative, Aldose-Reductase-Inhibitor, AntiHIV, Antiangiogenic, Antiatherogenic, Anticarcinomic, Anticataract, Anticomplementary, Antidermatic, Antimelanomic, Antipolio, Antiproliferant, Antitumor (Kidney), Antitumor (Ovary), Antitumor (Pancreas), Antitumor (Stomach), Antitumor (Thyroid), Antitumor (brain), Antitussive, Aphidifuge, Aromatase-Inhibitor, Beta-Glucuronidase-Inhibitor, Deiodinase-Inhibitor, Differentiator, Hyaluronidase-Inhibitor, ICAM-1-Inhibitor, IKK-Inhibitor, Iodothyronine-Deiodinase-Inhibitor, MAPK-Inhibitor, MMP-9-Inhibitor, Metalloproteinase-Inhibitor, NEP-Inhibitor, PTK-Inhibitor, Proliferant, Prostaglandin-Synthetase-Inhibitor, Protein-Kinase-C-Inhibitor, Succinoxidase-Inhibitor, TNF-alpha-Inhibitor, Topoisomerase-I-Inhibitor, VEGF-Inhibitor, Xanthine-Oxidase-Inhibitor, iNOS-Inhibitor, Demulcent, Abortifacient, AntiPGE2, AntiTGF-beta, Antiatherosclerotic, Anticariogenic, Anticomplement, Antigingivitic, Antihyperlipidemic, Antiischemic, Antileukotriene, Antimalarial, Antinephritic, Antiperiodontic, Antiperoxidant, Antiplaque, Antiplasmodial, Antisarcomic, Beta-Blocker, Cardioprotective, Cardiotonic, Elastase-Inhibitor, Hypolipemic, Immunomodulator, Leucocytogenic, Piscicide, Uterotonic, Vasopressor, Nodulation-Signal, Larvicide, Toxic, ACE-Inhibitor, Antipeptic, Motor-Depressant, AntiLegionella, Antiadenoviral, Antiaging, Antidepressant, Antielastase, Antigonadotropic, Antihemolytic, Antihepatoadenomic, Antihypercholesterolemic, Antihyperthyroid, Antimelanogenic, Antistomatitic, Antisunburn, Antithiamin, Antithyroid, Antiulcerogenic, Antivaccinia, Anxiolytic, CNS-Active, Clastogenic, Co-carcinogenic, Collagen-Sparing, Cytoprotective, DNA-Active, DNA-Protective, Hepatocarcinogenic, Histamine-Inhibitor, Leukotriene-Inhibitor, Lyase-Inhibitor, Prooxidant, Tumorigenic, Anticoagulant, Beta-Adrenergic Receptor Blocker, COX-1-Inhibitor, Dermatitigenic, Hemostat, Neuroprotective, Vasoconstrictor, cAMP-Phosphodiesterase-Inhibitor, Antistreptococcic, Embryotoxic, Mutagenic?, AntiCrohn's, Antichilblain, Antidote (pesticides), Antischizophrenic, Antithyrotoxic, Insulinase-Inhibitor, Insulinotonic, Lipolytic, 5-HT-Inhibitor, Aldehyde-Oxidase-Inhibitor, AntiCVI, Antiapoplectic, Anticapillary-Fragility, Anticlastogen, Anticonvulsant, Antidementia, Antidermatitic, Antidiabetic, Antierythemic, Antiglaucomic, Antihematuric, Antihemorrhoidal, Antihypertensive, Antimetastatic, Antiplatelet, Antiprotozoal, Antipurpuric, Antithrombogenic, Antitrypanosomic, Antivaricose, Capillariprotective, Catabolic, Estrogenic?, Hepatomagenic, Insectiphile, Juvabional, Larvistat, Myoprotective, Oviposition-Stimulant, PAF-Inhibitor, Protisticide, Radioprotective, Topoisomerase-II-Inhibitor, AntiEBV, Antialzheimeran, Antiarthritic, Anticholestatic, Antifibrosarcomic, Antiobesity?, Antiproliferative, Antithromboxane, Potassium-Sparing, Protease-Inhibitor, Quinone-Reductase-Inducer, Sodium-Sparing, TOPO-2-Inhibitor, Antimycotic, Cardiovascular, Cathartic, AntiTNF, Antiintegrase, Antitopoisomerase-II, HIV-RT-Inhibitor, Phosphodiesterase-Inhibitor, Cytostatic, Topoisomerase-Inhibitor",1,Preclinical / mechanistic evidence,https://doi.org/10.21608/jsrs.2025.369694.1156,1,Unknown,No explicit flag found,No explicit flag found,,55,1,1,0,0,Selected because: high relevance; moderate evidence base; 8 differentiating shared compound(s),Passed scientific triage gates,Metabolic & blood sugar support,Infusion,
Abies spectabilis,Shortlist,65.5,75.5,"Indication Relevance ...... 35/35
Evidence Quality .......... 19.5/30
Compound Quality .......... 9.5/12
Mechanism Support ......... 1.5/8
Safety & Regulatory ....... 7/10
Novelty & Market .......... 3/5",High relevance,35,Direct human/clinical,1,1,19.5,9.5,1.5,7,3,Indication-centric discovery,1,CARVONE; BORNYL-ACETATE; CAMPHENE; LIMONENE; ALPHA-PINENE; BETA-PINENE; TAXINE,7,BETA-SITOSTEROL,1,CARVONE; BORNYL-ACETATE; CAMPHENE; LIMONENE; ALPHA-PINENE; BETA-PINENE; BETA-SITOSTEROL; TAXINE,"Allergenic, Antiacetylcholinesterase, Antiproliferative, Antiseptic, CNS-Stimulant, Cancer-Preventive, Candidistat, Carminative, FLavor, Fungistat, Insecticide, Insectifuge, Motor-Depressant, Nematicide, Perfumery, Pesticide, Sedative, Trichomonicide, Vermicide, (-)-Chronotropic, (-)-Inotropic, Antibacterial, Antifeedant, Antispasmodic, Antiviral, Expectorant, Myorelaxant, Allelopathic, Antilithic?, Antioxidant, Hypocholesterolemic?, Spasmogenic, AChE-Inhibitor, Acaricide, Allelochemic, Antiadenomic, Antialzheimeran?, Antiasthmatic, Anticancer, Antiesophagitic, Antiflu, Antiinflammatory, Antilithic, Antilymphomic, Antimetastatic (Stomach), Antimutagenic, Antiobesity, Antitumor, Antitumor (Breast), Antitumor (Colon), Antitumor (Pancreas), Antitumor (Prostate), Antitumor (Stomach), Apoptotic, Bronchoprotectant, Chemopreventive, Cholesterolytic, Detoxicant, Enterocontractant, Fungiphilic, GST-Inducer, Herbicide, Histaminic, Immunomodulator, Interleukin-6-Inhibitor, Irritant, Lipolytic, NO-Genic, Ornithine-Decarboxylase-Inhibitor, Ozone-Scavenger, P450-Inducer, Peristaltic, Photosensitizer, Transdermal, Antiacne, Antipneumonic, Antistaphylococcic, Coleoptophile, Insectiphile, P450-2B1-Inhibitor, Tranquilizer, Candidicide, Androgenic, Angiogenic, Anorexic, Antiandrogenic, Anticancer (Breast), Anticancer (Cervix), Anticancer (Lung), Antiedemic, Antiestrogenic, Antifertility, Antigonadotrophic, Antihyperlipoproteinaemic, Antileukemic, Antiophidic, Antiprogestational, Antiprostaglandin, Antiprostatadenomic, Antiprostatitic, Antipyretic, Antitumor (Cervix), Antitumor (Lung), Artemicide, Caspase-8-Inducer, Estrogenic, Febrifuge, Gonadotrophic, Hepatoprotective, Hypocholesterolemic, Hypoglycemic, Hypolipidemic, Spermicide, Ubiquiot, Ulcerogenic, Cardiodepressant, Respiradepressant",1,Preclinical / mechanistic evidence,https://doi.org/10.5281/zenodo.7368926,1,Unknown,No explicit flag found,No explicit flag found,,55,1,1,0,0,Selected because: high relevance; moderate evidence base; 7 differentiating shared compound(s),Passed scientific triage gates,Metabolic & blood sugar support,Infusion,
Crocus sativus,Shortlist,65.5,75.5,"Indication Relevance ...... 35/35
Evidence Quality .......... 19.5/30
Compound Quality .......... 9.5/12
Mechanism Support ......... 1.5/8
Safety & Regulatory ....... 7/10
Novelty & Market .......... 3/5",High relevance,35,Direct human/clinical,1,1,19.5,9.5,1.5,7,3,Indication-centric discovery,1,Crocin; DELPHINIDIN; LAURIC-ACID; MYRICETIN; PINENE; PETUNIDIN; XANTHOPHYLL,7,QUERCETIN,1,Crocin; DELPHINIDIN; LAURIC-ACID; MYRICETIN; PINENE; PETUNIDIN; QUERCETIN; XANTHOPHYLL,"Serotonergic system, Antioxidant pathways, Allelochemic, Allergenic, Antioxidant, Cancer-Preventive, Metal-Chelator (Copper), NO-Inhibitor, Pesticide, Pigment, Prooxidant, Antibacterial, Antiviral, COX-1-Inhibitor, COX-2-Inhibitor, Candidicide, Hypercholesterolemic, AntiHIV, Antiallergenic, Antifeedant, Antigastric, Antigingivitic, Antigonadotrophic, Antihistaminic, Antiinflammatory, Antimutagenic, Antiperiodontic, Antiplaque, Antiseptic, Apoptotic, COMP-Inhibitor, Diuretic, Hypoglycemic, Larvistat, Lipoxygenase-Inhibitor, Mutagenic, Oxidase-Inhibitor, Quinone-Reductase-Inducer, Topoisomerase-I-Inhibitor, Topoisomerase-II-Inhibitor, Tyrosine-Kinase-Inhibitor, Vasodilator, Antispasmodic, Convulsant, Enterocontractant, Expectorant, Fungicide, Herbicide, Perfumery, Spasmogenic, 11B-HSD-Inhibitor, 5-Lipoxygenase-Inhibitor, ATPase-Inhibitor, Aldehyde-Oxidase-Inhibitor, Aldose-Reductase-Inhibitor, Analgesic, AntiCrohn's, AntiGTF, AntiPMS, Antiaflatoxin, Antiaggregant, Antiaging, Antiallergic, Antialzheimeran, Antianaphylactic, Antiangiogenic, Antiarthritic, Antiasthmatic, Antiatherosclerotic, Anticarcinomic (Breast), Anticariogenic, Anticataract, Anticolitic, Anticomplementary, Anticystitic, Antidepressant, Antidermatitic, Antidiabetic, Antielastase, Antiencephalitic, Antiescherichic, Antiestrogenic, Antifibrosarcomic, Antiflu, Antigonadotropic, Antihepatotoxic, Antiherpetic, Antihydrophobic, Antihypertensive, Antileishmanic, Antileukemic, Antileukotriene, Antilipoperoxidant, Antimalarial, Antimelanomic, Antimetastatic, Antimyocarditic, Antinitrosaminic, Antinociceptive, Antipancreatitic, Antiperiodontal, Antiperistaltic, Antipermeability, Antiperoxidant, Antipharyngitic, Antiplasmodial, Antipodriac, Antipolio, Antiproliferant, Antiprostanoid, Antiprostatitic, Antipsoriac, Antiradicular, Antistreptococcic, Antithiamin, Antithrombic, Antitrypanosomic, Antitumor, Antitumor (Bladder), Antitumor (Breast), Antitumor (Colon), Antitumor (Lung), Antitumor (Ovary), Antitumor (Skin), Antitumor-Promoter, Antiulcer, Bacteristat, Bradycardiac, COMT-Inhibitor, Calmodulin-Antagonist, Capillariprotective, Carcinogenic, Catabolic, Copper-Chelator, Cyclooxygenase-Inhibitor, Cytochrome-P450-1A2-Inhibitor, Cytotoxic, Deiodinase-Inhibitor, Diaphoretic?, Differentiator, Estrogenic, Glucosyl-Transferase-Inhibitor, HIV-RT-Inhibitor, Hemostat, Hepatomagenic, Hepatoprotective, Inotropic, Insulinogenic, Juvabional, MAO-A-Inhibitor, MMP-9-Inhibitor, Mast-Cell-Stabilizer, Metalloproteinase-Inhibitor, NADH-Oxidase-Inhibitor, NEP-Inhibitor, NF-kB-Inhibitor, NO-Synthase-Inhibitor, Neuroprotective, Ornithine-Decarboxylase-Inhibitor, P450-Inducer, P450-Inhibitor, PGE2-Inhibitor, PTK-Inhibitor, Phospholipase-Inhibitor, Plasmodicide, Proliferant, Prostaglandin-Synthesis-Inhibitor, Protein-Kinase-C-Inhibitor, TNF-alpha-Inhibitor, Teratologic, Tumorigenic, Tyrosinase-Inhibitor, VEGF-Inhibitor, Xanthine-Oxidase-Inhibitor, cAMP-Phosphodiesterase-Inhibitor, iNOS-Inhibitor, Bruchifuge, Insectifuge, ACE-Inhibitor, Hypotensive, Immunostimulant, Colorant, Previtamin-A, (-)-Chronotropic, (-)-Inotropic, Acaricide, Allelopathic, Anesthetic, Anthelmintic, Antiacetylcholinesterase, Antibronchitic, Anticatarrh, Anticholinesterase, Antifatigue, Antihalitosic, Antilaryngitic, Antirheumatic, Antirhinitic, Antisinusitic, Antistaphylococcic, Antitussive, CNS-Stimulant, Choleretic, Counterirritant, Cytochrome-P450-Inducer, Decongestant, Degranulant, Dentifrice, Edemagenic, FLavor, Gastroprotective, Gram(+)icide, Gram(-)icide, Hepatotonic, Inflammatory, Irritant, Myorelaxant, Nematicide, Neurotoxic, Pediculicide, Perfume, Rubefacient, Secretogogue, Sedative, Surfactant, Testosterone-Hydroxylase-Inducer, Transdermal, Trichomonicide, Anticancer (Skin), Antihypoxic, Hypocholesterolemic, Lipolytic, Dye, Antibacillary, Antirheumatalgic, Laxative, Antialzheimeran?, Secretolytic, Anticancer (Pancreas), Antisalmonella, Antitubercular, Antitumor (Pancreas), Ascaricide, Embryotoxic, Emetic, Insectiphile, Mycobactericide, Anticancer, Antifertility, Antiimplantation, Antilymphocytic, Antiserotonin, Aromatase-Inhibitor, ICAM-1-Inhibitor, Iodothyronine-Deiodinase-Inhibitor, JNK-Inhibitor, MAO-Inhibitor, Natriuretic, PAF-Inhibitor, Protisticide, Uterotrophic, Anticancer (Bladder), Anticancer (Breast), Anticancer (Cervix), Anticancer (Prostate), Antitumor (Cervix), Antitumor (Prostate), Antiacne, Antipneumonic, Coleoptophile, Insecticide, P450-2B1-Inhibitor, Tranquilizer, Antihelicobacter, Bacteriostatic, Renoirritant, Spermicide, Vulnerary, Deodorant, Antialcoholic, Antianorectic, Antibackache, Antiberiberi, Anticardiospasmic, Antidecubitic, Antideliriant, Antiencephalopathic, Antigastritic, Antiheartburn, Antimigraine, Antineuralgic, Antineurasthenic, Antineuritic, Antineuropathic, Antipoliomyelitic, Abortifacient, AntiPGE2, AntiTGF-beta, Antiarrhythmic, Anticarcinomic, Anticomplement, Antiedemic, Antihyperlipidemic, Antiischemic, Antinephritic, Antisarcomic, Antitumor (Kidney), Beta-Blocker, Beta-Glucuronidase-Inhibitor, Cardioprotective, Cardiotonic, Elastase-Inhibitor, Hypolipemic, Immunomodulator, Leucocytogenic, Phagocytotic, Piscicide, Uterotonic, Vasopressor, Antipyretic, Antiuricosuric, Hyperglycemic, Uricosuric, Antiacetylcholine, Antiotitic, Antiyeast, CNS-Toxic, Inhalant, Insect-Repellent, Antidiarrheic, Antidysenteric, Antiemetic, Antifibrositic, Antipruritic, Carminative, Cosmetic, Deliriant, Ecbolic, Epileptigenic, Occuloirritant, Respirainhibitor, Respirastimulant, Stimulant, Verrucolytic, Vibriocide, AChE-Inhibitor, Antiadenomic, Antiesophagitic, Antilithic, Antilymphomic, Antimetastatic (Stomach), Antiobesity, Antitumor (Stomach), Bronchoprotectant, Candidistat, Chemopreventive, Cholesterolytic, Detoxicant, Fungiphilic, Fungistat, GST-Inducer, Histaminic, Interleukin-6-Inhibitor, NO-Genic, Ozone-Scavenger, Peristaltic, Photosensitizer, Anticolic, Anticonvulsant, Antiglutamaergic, Antimange, Antimite, Antishock, Barbituate-Synergist, Bronchorelaxant, CNS-Depressant, Culicide, GABA-nergic, Hypnotic, Hypothermic, Larvicide, Mosquitofuge, Motor-Depressant, Termitifuge, Tumor-Promoter",1,Regulatory / monograph evidence,seed_data.SLEEP_TEA_EVIDENCE,1,Unknown,No explicit flag found,No explicit flag found,,50,1,1,0,0,Selected because: high relevance; moderate evidence base; 7 differentiating shared compound(s),Passed scientific triage gates,Metabolic & blood sugar support,Infusion,
Valeriana officinalis,Shortlist,73.5,64,"Indication Relevance ...... 27/35
Evidence Quality .......... 16/30
Compound Quality .......... 9.5/12
Mechanism Support ......... 1.5/8
Safety & Regulatory ....... 7/10
Novelty & Market .......... 3/5",Medium relevance,27,Direct preclinical,26,1,16,9.5,1.5,7,3,Indication-centric discovery,1,Valerenic acid; AZULENE; DELTA-CADINENE; CAFFEIC-ACID; P-COUMARIC-ACID; FORMIC-ACID,6,Rosmarinic acid,1,Valerenic acid; Rosmarinic acid; AZULENE; DELTA-CADINENE; CAFFEIC-ACID; CHOLINE; P-COUMARIC-ACID; FORMIC-ACID,"GABA-A receptor, GABAergic system, COX-2, NF-kB, Nrf2, Antiallergic, Antibacterial, Antihistaminic, Antiinflammatory, Antipyretic, Antiseptic, Antispasmodic, Antiulcer, Hepatoregenerative, Pesticide, Aldose-Reductase-Inhibitor, Antiacne, Anticariogenic, Antistreptococcic, Cytochrome-P450-Inducer, P450-Inducer, Testosterone-Inducer, Allergenic, Analgesic, AntiHIV, AntiLegionella, Antiadenoviral, Antiaggregant, Antiaging, Antiatherogenic, Anticancer, Anticarcinogenic, Antidepressant, Antiedemic, Antielastase, Antiescherichic, Antiflu, Antigonadotropic, Antihemolytic, Antihepatoadenomic, Antihepatotoxic, Antiherpetic, Antihypercholesterolemic, Antihyperthyroid, Antileukemic, Antileukotriene, Antimelanogenic, Antimutagenic, Antinitrosaminic, Antiophidic, Antioxidant, Antiperoxidant, Antiproliferant, Antiprostaglandin, Antiradicular, Antistaphylococcic, Antistomatitic, Antisunburn, Antithiamin, Antithyroid, Antitumor, Antitumor (Skin), Antitumor-Promoter, Antiulcerogenic, Antivaccinia, Antiviral, Anxiolytic, CNS-Active, COX-2-Inhibitor, Calcium-Antagonist, Cancer-Preventive, Carcinogenic, Chemopreventive, Cholagogue, Choleretic, Clastogenic, Co-carcinogenic, Collagen-Sparing, Cytoprotective, Cytotoxic, DNA-Active, DNA-Protective, Diuretic, Fungicide, Hepatocarcinogenic, Hepatoprotective, Hepatotropic, Histamine-Inhibitor, Immunostimulant, Insectifuge, Leukotriene-Inhibitor, Lipoxygenase-Inhibitor, Lyase-Inhibitor, Metal-Chelator, Ornithine-Decarboxylase-Inhibitor, Prooxidant, Prostaglandigenic, Sedative, Sunscreen, Tumorigenic, Vulnerary, Xanthine-Oxidase-Inhibitor, Antialzheimeran, Antichoreic, Anticirrhotic, Anticystinuric, Antidementia, Antidiabetic, Antidyskinetic, Antihomocysteine, Antimanic, Antinociceptive, Antisteatotic, Cardiodepressant, Cerebrotonic, Cholinergic, Hypotensive, Ileorelaxant, Lipotropic, Memorigenic, Parasympathomimetic, Allelopathic, Anticlastogen, Antifertility, Diaphoretic?, Prostaglandin-Synthesis-Inhibitor, Tyrosinase-Inhibitor, Acaricide, Antisyncopic, Astringent, Corrosive, Counterirritant, FLavor, Fungistat, Fungitoxic, Irritant, Preservative, Toxic, Alpha-Reductase-Inhibitor, AntiMS, AntiPMS, AntiRaynaud's, Antialcoholic, Antiarthritic, Antiasphyctic, Antiatherosclerotic, Antieczemic, Antimenorrhagic, Antiobesity, Antiprostatitic, Hypocholesterolemic, Immunomodulator, Vasodilator, ACE-Inhibitor, Antiacetylcholinesterase, Antifeedant, Perfumery, Allelochemic, Deodorant, Hypotriglyceridemic, Candidicide, Herbicide, Spasmogenic, Transdermal, 11B-HSD-Inhibitor, 5-Lipoxygenase-Inhibitor, ATPase-Inhibitor, Aldehyde-Oxidase-Inhibitor, AntiCrohn's, AntiGTF, Antiaflatoxin, Antianaphylactic, Antiangiogenic, Antiasthmatic, Anticarcinomic (Breast), Anticataract, Anticolitic, Anticomplementary, Anticystitic, Antidermatitic, Antiencephalitic, Antiestrogenic, Antifibrosarcomic, Antigastric, Antihydrophobic, Antihypertensive, Antileishmanic, Antilipoperoxidant, Antimalarial, Antimelanomic, Antimetastatic, Antimyocarditic, Antipancreatitic, Antiperiodontal, Antiperistaltic, Antipermeability, Antipharyngitic, Antiplaque, Antiplasmodial, Antipodriac, Antipolio, Antiprostanoid, Antipsoriac, Antithrombic, Antitrypanosomic, Antitumor (Bladder), Antitumor (Breast), Antitumor (Colon), Antitumor (Lung), Antitumor (Ovary), Apoptotic, Bacteristat, Bradycardiac, COMT-Inhibitor, Calmodulin-Antagonist, Capillariprotective, Catabolic, Copper-Chelator, Cyclooxygenase-Inhibitor, Cytochrome-P450-1A2-Inhibitor, Deiodinase-Inhibitor, Differentiator, Estrogenic, Glucosyl-Transferase-Inhibitor, HIV-RT-Inhibitor, Hemostat, Hepatomagenic, Hypoglycemic, Inotropic, Insulinogenic, Juvabional, Larvistat, MAO-A-Inhibitor, MMP-9-Inhibitor, Mast-Cell-Stabilizer, Metal-Chelator (Copper), Metalloproteinase-Inhibitor, Mutagenic, NADH-Oxidase-Inhibitor, NEP-Inhibitor, NF-kB-Inhibitor, NO-Inhibitor, NO-Synthase-Inhibitor, Neuroprotective, P450-Inhibitor, PGE2-Inhibitor, PTK-Inhibitor, Phospholipase-Inhibitor, Plasmodicide, Proliferant, Protein-Kinase-C-Inhibitor, Quinone-Reductase-Inducer, TNF-alpha-Inhibitor, Teratologic, Topoisomerase-I-Inhibitor, Topoisomerase-II-Inhibitor, Tyrosine-Kinase-Inhibitor, VEGF-Inhibitor, cAMP-Phosphodiesterase-Inhibitor, iNOS-Inhibitor, Acidulant, Antiotitic, Antisalmonella, Antivaginitic, Expectorant, Keratitigenic, Mucolytic, Osteolytic, Protisticide, Spermicide, Ulcerogenic, Verrucolytic, (-)-Chronotropic, (-)-Inotropic, Myorelaxant, Anticancer (Cervix), Antigliomic, Antitumor (Cervix), Antigingivitic, Antiimplantation, Antilymphocytic, Antiperiodontic, Antiserotonin, Aromatase-Inhibitor, ICAM-1-Inhibitor, Iodothyronine-Deiodinase-Inhibitor, JNK-Inhibitor, MAO-Inhibitor, Natriuretic, PAF-Inhibitor, Uterotrophic, Anticholinesterase, Feline-attractant, Abortifacient, Antirhinoviral, Stomachic, Motor-Stimulant, Nematicide, Analeptic, Anticephalagic, Anticerebrotic, Anticonvulsant, Antiinsomnic, Antilethargic, Antistress, Antitinnitic, CNS-Inhibitor, Cardiovascular, Neuroinhibitor, Neurotoxic, Neurotransmitter, Tranquilizer, AntiEBV, Anticancer (Colon), Anticancer (Forestomach), Anticancer (Liver), Anticancer (Skin), Antigenotoxic, Antitumor (Forestomach), Antitumor (Liver), Autotoxic, CNS-Stimulant, Cardioprotective, Interferonogenic, NO-Genic, Oviposition-Stimulant, Sweetener, Antibacillary, Antirheumatalgic, Laxative, Trichomonicide, Antileprotic, Antipeptic, Anticancer (Breast), Anticancer (Gastric), Antitumor (Gastric), Insecticide, Litholytic, Nephrotoxic, P450-2B1-Inhibitor, Hypothermic, Antipneumonic, Coleoptophile, Insectiphile, Antihelicobacter, Androgenic, Angiogenic, Anorexic, Antiadenomic, Antiandrogenic, Anticancer (Lung), Antigonadotrophic, Antihyperlipoproteinaemic, Antilymphomic, Antiprogestational, Antiprostatadenomic, Artemicide, Caspase-8-Inducer, Febrifuge, Gonadotrophic, Hypolipidemic, Ubiquiot, Cicatrizant, Interleukin-6-Inhibitor, Mosquitofuge, Motor-Depressant, Termiticide, Antiarrhythmic, CNS-Depressant, Coronary-Dilator, GABA-Inhibitor, Antihysteric, Antiinsomniac, Musculotropic, Thymoleptic, Anesthetic, Anthelmintic, Antialzheimeran?, Anticholinesterase?, Antidiuretic, Antioxidant (LDL), Antitussive, Carminative, Enterorelaxant, Prostaglandin-Inhibitor, Tracheorelaxant, Vermifuge, Antibronchitic, Anticatarrh, Antifatigue, Antihalitosic, Antilaryngitic, Antirheumatic, Antirhinitic, Antisinusitic, Convulsant, Decongestant, Degranulant, Dentifrice, Edemagenic, Gastroprotective, Gram(+)icide, Gram(-)icide, Hepatotonic, Inflammatory, Pediculicide, Perfume, Rubefacient, Secretogogue, Surfactant, Testosterone-Hydroxylase-Inducer, Anticancer (Pancreas), Antitubercular, Antitumor (Pancreas), Ascaricide, Embryotoxic, Emetic, Mycobactericide, Termitifuge, Anticarcinomic, Antidermatic, Antitumor (Kidney), Antitumor (Stomach), Antitumor (Thyroid), Antitumor (brain), Aphidifuge, Beta-Glucuronidase-Inhibitor, Hyaluronidase-Inhibitor, IKK-Inhibitor, MAPK-Inhibitor, Prostaglandin-Synthetase-Inhibitor, Succinoxidase-Inhibitor, Antifibromyalgic, Antioxidant Synergist, Antiseborrheic, Bruchiphobe, Hemopoietic, Laxative?, Sialogogue, Ancylostomicide, Ankylostomacide, Antilepric, Antineuritic, Antitrichinosic, Ataxigenic, Culicide, Dermatitigenic, Enterotoxic, Gastroirritant, Larvicide, Molluscicide, Sprout-Inhibitor, Urinary-Antiseptic, Varroacide, Vermicide, Antiacetylcholine, Antiyeast, CNS-Toxic, Inhalant, Insect-Repellent, Antilithic?, Hypocholesterolemic?, Antiproliferative, Candidistat, Antionychyotic, Mosquitocide, AChE-Inhibitor, Antiesophagitic, Antilithic, Antimetastatic (Stomach), Antitumor (Prostate), Bronchoprotectant, Cholesterolytic, Detoxicant, Enterocontractant, Fungiphilic, GST-Inducer, Histaminic, Lipolytic, Ozone-Scavenger, Peristaltic, Photosensitizer, Ovulant",1,Regulatory / monograph evidence,http://purl.obolibrary.org/obo/CHEBI_753174; https://www.semanticscholar.org/paper/9620c7db538d9bdb19acb8034507e6c593301720; https://www.semanticscholar.org/paper/81fea68c2a5c2874dd5e13b476b747b31a43e56e; https://www.semanticscholar.org/paper/240d591efd24a8b1437e0afb687e3209ba97b856; https://www.semanticscholar.org/paper/458a598008ad962dbc85514619020d00b81f8cf8; https://www.semanticscholar.org/paper/bc7198a552df0e629a52a94f5adf0e579367d15b; https://dailymed.nlm.nih.gov/dailymed/drugInfo.cfm?setid=cd17b39e-6531-407d-8007-8cb92a6e8744; https://dailymed.nlm.nih.gov/dailymed/drugInfo.cfm?setid=79b25c52-e145-4ee5-af2e-1ccf6ad5ac2d (+18 more),26,Unknown,No explicit flag found,No explicit flag found,,55,1,1,0,0,Selected because: medium relevance; moderate evidence base; 6 differentiating shared compound(s),Passed scientific triage gates,Metabolic & blood sugar support,Infusion,
Crataegus monogyna,Shortlist,67.5,61,"Indication Relevance ...... 27/35
Evidence Quality .......... 13/30
Compound Quality .......... 9.5/12
Mechanism Support ......... 1.5/8
Safety & Regulatory ....... 7/10
Novelty & Market .......... 3/5",Medium relevance,27,Direct preclinical,2,1,13,9.5,1.5,7,3,Indication-centric discovery,1,Hyperoside; ACETYL-CHOLINE; ADENINE; ADENOSINE; APIGENIN; CAFFEIC-ACID; (+)-CATECHIN; CHLOROGENIC-ACID,8,,0,Hyperoside; ACETYL-CHOLINE; ADENINE; ADENOSINE; APIGENIN; CAFFEIC-ACID; (+)-CATECHIN; CHLOROGENIC-ACID,"Microvascular pathways, Cardiometabolic pathways, Allergenic, Antiamblyopic, Antidiuretic, Antiileus, Antitachycardic, Cardiodepressant, Cerebrostimulant, Histaminic, Hypotensive, Miotic, Myocontractant, Myopic, Myotonic, Neurotransmitter, Parasympathomimetic, Peristaltic, Sialogogue, Spasmogenic, Vasodilator, Antianemic, Antigranulocytopenic, Antiviral, CNS-Stimulant, Diuretic, Hyperuricemic, Insectifuge, Lithogenic, Myocardiotonic, Pesticide, Analgesic, Antiaggregant, Antiarrhythmic, Antiendotoxic, Antihypertensive, Antiinsomniac, Antilipolytic, Antispasmodic, Anxiolytic, Arteriodilator, Glucogonogenic, Hypocholesterolemic, Hypoglycemic, Immunomodulator, Insulinic, Laxative, Lipolytic, Myorelaxant, PAF-Inhibitor, Pyrogenic, Respirastimulant, Secretomotor, Sedative, 11B-HSD-Inhibitor, AntiADD, AntiHIV, Antiaflatoxin, Antiaging, Antiallergic, Antiangiogenic, Antibacterial, Anticancer (Lung), Anticomplementary, Antidermatitic, Antiestrogenic, Antiherpetic, Antihistaminic, Antiinflammatory, Antileukemic, Antimelanomic, Antimetastatic, Antimutagenic, Antioxidant, Antiperistaltic, Antiproliferant, Antistress, Antithyroid, Antitumor, Antitumor (Breast), Antitumor (Lung), Antitumor (Skin), Apoptotic, Aromatase-Inhibitor, Beta-Glucuronidase-Inhibitor, CNS-Depressant, COX-1-Inhibitor, COX-2-Inhibitor, Calcium-Antagonist?, Cancer-Preventive, Choleretic, Cyclooxygenase-Inhibitor, Cytochrome-P450-1A1-Inhibitor, Cytotoxic, DNA-Protective, Deiodinase-Inhibitor, Differentiator, Estrogenic, HIF-1alpha-Inhibitor, Hyaluronidase-Inhibitor, ICAM-1-Inhibitor, IKK-Inhibitor, Inotropic, Interleukin-6-Inhibitor, MAO-Inhibitor, MAPK-Inhibitor, Musculotropic, Mutagenic, NADH-Oxidase-Inhibitor, NF-kB-Inhibitor, NO-Synthase-Inhibitor, Nodulation-Signal, Ornithine-Decarboxylase-Inhibitor, P21-Inducer, PKC-Inhibitor, PTK-Inhibitor, Polyamine-Synthesis-Inhibitor, Progestational, Protein-Kinase-C-Inhibitor, Quinone-Reductase-Inducer, Radioprotective, Sunscreen, TNF-alpha-Inhibitor, Topoisomerase-I-Inhibitor, Topoisomerase-II-Inhibitor, Uterotrophic, VEGF-Inhibitor, Xanthine-Oxidase-Inhibitor, iNOS-Inhibitor, Aldose-Reductase-Inhibitor, AntiLegionella, Antiadenoviral, Antiatherogenic, Anticancer, Anticarcinogenic, Antidepressant, Antiedemic, Antielastase, Antiescherichic, Antiflu, Antigonadotropic, Antihemolytic, Antihepatoadenomic, Antihepatotoxic, Antihypercholesterolemic, Antihyperthyroid, Antileukotriene, Antimelanogenic, Antinitrosaminic, Antiophidic, Antiperoxidant, Antiprostaglandin, Antiradicular, Antiseptic, Antistaphylococcic, Antistomatitic, Antisunburn, Antithiamin, Antitumor-Promoter, Antiulcerogenic, Antivaccinia, CNS-Active, Calcium-Antagonist, Carcinogenic, Chemopreventive, Cholagogue, Clastogenic, Co-carcinogenic, Collagen-Sparing, Cytoprotective, DNA-Active, Fungicide, Hepatocarcinogenic, Hepatoprotective, Hepatotropic, Histamine-Inhibitor, Immunostimulant, Leukotriene-Inhibitor, Lipoxygenase-Inhibitor, Lyase-Inhibitor, Metal-Chelator, Prooxidant, Prostaglandigenic, Tumorigenic, Vulnerary, ACE-Inhibitor, Anticoagulant, Antiulcer, Beta-Adrenergic Receptor Blocker, Cardiotonic, Dermatitigenic, Hemostat, NO-Inhibitor, Neuroprotective, Phagocytotic, Vasoconstrictor, cAMP-Phosphodiesterase-Inhibitor, Allelochemic, AntiEBV, Antiatherosclerotic, Anticancer (Colon), Anticancer (Forestomach), Anticancer (Liver), Anticancer (Skin), Antidiabetic, Antifeedant, Antigenotoxic, Antipolio, Antitumor (Colon), Antitumor (Forestomach), Antitumor (Liver), Autotoxic, Cardioprotective, Interferonogenic, Juvabional, Larvistat, NO-Genic, Oviposition-Stimulant, Sweetener, Antialzheimeran, Antichoreic, Anticirrhotic, Anticystinuric, Antidementia, Antidyskinetic, Antihomocysteine, Antimanic, Antinociceptive, Antisteatotic, Cerebrotonic, Cholinergic, Ileorelaxant, Lipotropic, Memorigenic, Coleoptophile, 5-Lipoxygenase-Inhibitor, Antianaphylactic, Antihepatitic, Antihyperglycemic, Antilipoperoxidant, COMP-Inhibitor, Choline-Sparing, Insulinogenic, Lipoxygenase-1-Inhibitor, Pancreatogenic, Reverse-Transcriptase-Inhibitor, Anticapillary-Fragility, Antiischemic, Antitussive, Antiwrinkle, Capillarifortificant, Capillarigenic, Cyclooxygenase-Activator, Tissue-Thromboplastin-Inhibitor, cAMP-Inhibitor, Anticarcinomic, Anticataract, Antidermatic, Antilymphomic, Antitumor (Kidney), Antitumor (Ovary), Antitumor (Pancreas), Antitumor (Stomach), Antitumor (Thyroid), Antitumor (brain), Aphidifuge, Iodothyronine-Deiodinase-Inhibitor, MMP-9-Inhibitor, Metalloproteinase-Inhibitor, NEP-Inhibitor, Proliferant, Prostaglandin-Synthetase-Inhibitor, Succinoxidase-Inhibitor, Abortifacient, AntiPGE2, AntiTGF-beta, Anticariogenic, Anticomplement, Antifertility, Antigingivitic, Antihyperlipidemic, Antimalarial, Antinephritic, Antiperiodontic, Antiplaque, Antiplasmodial, Antisarcomic, Beta-Blocker, Elastase-Inhibitor, Hypolipemic, Leucocytogenic, Piscicide, Prostaglandin-Synthesis-Inhibitor, Uterotonic, Vasopressor, Antiasthmatic, Antibiotic, Antierythemic, Antiexudative, Antigastritic, Antiobesity, Capillaritonic, AntiCVI, Antialopecic, Antiperiodontal, Antiretinopathic, Antistroke, Capillariprotective, Collagenase-Inhibitor, Collagenic, Deodorant, Gram(+)icide, Gram(-)icide, Propecic, Vasorelaxant, ATPase-Inhibitor, Aldehyde-Oxidase-Inhibitor, AntiCrohn's, AntiGTF, AntiPMS, Antiarthritic, Anticarcinomic (Breast), Anticolitic, Anticystitic, Antiencephalitic, Antifibrosarcomic, Antigastric, Antihydrophobic, Antileishmanic, Antimyocarditic, Antipancreatitic, Antipermeability, Antipharyngitic, Antipodriac, Antiprostanoid, Antiprostatitic, Antipsoriac, Antistreptococcic, Antithrombic, Antitrypanosomic, Antitumor (Bladder), Bacteristat, Bradycardiac, COMT-Inhibitor, Calmodulin-Antagonist, Candidicide, Catabolic, Copper-Chelator, Cytochrome-P450-1A2-Inhibitor, Diaphoretic?, Glucosyl-Transferase-Inhibitor, HIV-RT-Inhibitor, Hepatomagenic, MAO-A-Inhibitor, Mast-Cell-Stabilizer, Metal-Chelator (Copper), P450-Inducer, P450-Inhibitor, PGE2-Inhibitor, Phospholipase-Inhibitor, Plasmodicide, Teratologic, Tyrosinase-Inhibitor, Tyrosine-Kinase-Inhibitor, 5-HT-Inhibitor, Antiapoplectic, Anticlastogen, Anticonvulsant, Antiglaucomic, Antihematuric, Antihemorrhoidal, Antiplatelet, Antiprotozoal, Antipurpuric, Antithrombogenic, Antivaricose, Estrogenic?, Insecticide, Insectiphile, Myoprotective, Protisticide, Antihepatomic, Adrenergic, Cardiovascular, Hypertensive, Neurotoxic, Sympathomimetic, Anticholestatic, Antiobesity?, Antiproliferative, Antithromboxane, Antitumor (Cervix), Potassium-Sparing, Protease-Inhibitor, Sodium-Sparing, TOPO-2-Inhibitor, Trypanocide, Antibradiquinic, Antiserotoninic, Goitrogenic, Thyroid-Peroxidase-Inhibitor, AntiCVS, AntiRaynaud's, Antiacrocyanotic, Anticellulitic, Antipanniculopathic, Antipyretic, Antiseborrheic, Cosmetic, Microvasculokinetic, Toxic, Vasoprotective, Antiimplantation, Antilymphocytic, Antiserotonin, JNK-Inhibitor, Natriuretic, Diaphoretic, Antigastrotic, Hormonal, Anticancer (Prostate), Cyclin-B1-Inhibitor, Cyclin-D1-Inhibitor",1,Regulatory / monograph evidence,https://pubmed.ncbi.nlm.nih.gov/41294409/; seed_data.SLEEP_TEA_EVIDENCE,2,Unknown,No explicit flag found,No explicit flag found,,44,1,1,0,0,Selected because: medium relevance; weak evidence base; 8 differentiating shared compound(s),Passed scientific triage gates,Metabolic & blood sugar support,Infusion,
